name___market__page,slug,collection_id,item_id,date_created,date_updated,published__on,seo__page__description,medium__name___expertise__page,short__name___home__page,name___view__more__button,name___filter__button,sort__priority,grid__image,grid__image__description,hero__images,overview,sub__services,team__leaders,team__leaders_text,related__articles,featured__projects,default_sort
Civic Design,civic-design,5eec96996f0e71158e57506b,5eec97aa25a8ec9b805ea211,Fri Jun 19 2020 10:47:06 GMT+0000 (Coordinated Universal Time),Fri Jul 01 2022 17:03:55 GMT+0000 (Coordinated Universal Time),Fri Jul 01 2022 17:07:06 GMT+0000 (Coordinated Universal Time),Civic signage programs have the unique ability to transform a visitor’s arrival and wayfinding experience through an often-times confusing urban experience. Civic master plan signage, placemaking, and wayfinding systems bring clarity and simplicity to both vehicular navigation and pedestrian navigat,Civic Design,Civic,Civic Projects,Civic,22,https://uploads-ssl.webflow.com/5eec789d24d891b6d1d15438/5f3c19b30360ee01593a0066_Civic-Grid.jpg,City of Dana Point wood wayfinding sign with hills and sunset in the background,https://uploads-ssl.webflow.com/5eec789d24d891b6d1d15438/5f68f522cbeb7b0f7c01ac42_h04_RSM-Design_Tustin-Legacy_Monument-Signage.jpg; https://uploads-ssl.webflow.com/5eec789d24d891b6d1d15438/5f404eb13dc34142b7d5fa84_h01_RSM-Design_City-of-Dana-Point_City-Sign-Program.jpg; https://uploads-ssl.webflow.com/5eec789d24d891b6d1d15438/5f404eb1c77a646966a9b514_h02_RSM-Design_Jack-London-Square_Illuminated-Street-Welcome-Sign.jpg; https://uploads-ssl.webflow.com/5eec789d24d891b6d1d15438/5f404eb127cba27e05e9d89d_h03_RSM-Design_Playa-Vista-Parks_Woman-walking-in-park-Sign.jpg,<h2>Bringing clarity and unity to the civic environment</h2><p>Civic signage programs have the unique ability to transform a visitor’s arrival and <a href="https://rsmdesign.com/services/wayfinding-signage">wayfinding</a> experience through an often-times confusing urban experience. Civic <a href="https://rsmdesign.com/services/master-sign-programs">master plan signage</a>, <a href="https://rsmdesign.com/services/placemaking">placemaking</a>, and <a href="https://rsmdesign.com/services/wayfinding-signage">wayfinding systems</a> bring clarity and simplicity to both vehicular navigation and pedestrian navigation, as well as adding a strong identity and character to a community. Our design approach merges a deep understanding of the user journey and a strategic understanding of place to create a unique civic approach for our clients.</p><p>RSM Design works closely with city councils, officials, public outreach committees, and municipal boards around the country to help visually communicate each community’s unique amenities through creative civic signage and <a href="https://rsmdesign.com/services/wayfinding-signage">wayfinding</a> programs.</p>,<p>Analysis &amp; Strategy</p><p><a href="https://rsmdesign.com/services/branding-logo-design">Branding &amp; Logo Design</a></p><p><a href="https://rsmdesign.com/services/wayfinding-signage">Wayfinding Signage</a></p><p><a href="https://rsmdesign.com/services/environmental-graphic-design">Environmental Graphic Design</a></p><p><a href="https://rsmdesign.com/services/master-sign-programs">Master Signage Programs</a></p><p>Graphic Architecture</p>,harry-mark-faia; cody-clark; christy-montgomery,<p><a href="/team/harry-mark-faia">Harry Mark, FAIA, Principal</a></p><p><a href="/team/cody-clark">Cody Clark, Principal</a></p><p><a href="https://rsmdesign.com/team/christy-montgomery">Christy Montgomery, Associate Principal</a></p>,,,false
Cultural Design,cultural-design,5eec96996f0e71158e57506b,5ef1000dcff5d27598efb235,Mon Jun 22 2020 19:01:33 GMT+0000 (Coordinated Universal Time),Fri Jul 01 2022 16:43:52 GMT+0000 (Coordinated Universal Time),Fri Jul 01 2022 17:07:06 GMT+0000 (Coordinated Universal Time),RSM Design understands the importance of complementing the architecture and artwork of galleries and cultural centers with museum signage, interpretive graphics, and simple wayfinding design. This is done by balancing clarity and function with a refined sensitivity to detail and craft.,Cultural Design,Cultural,Cultural Projects,Cultural,27,https://uploads-ssl.webflow.com/5eec789d24d891b6d1d15438/5f3c1407855b95302b143070_Cultural-Grid.jpg,Ad Ex large identity signage in front of their building, illuminated at night,https://uploads-ssl.webflow.com/5eec789d24d891b6d1d15438/5f405ebe631a77891cf485cb_h01_RSM-Design_Markets_Cultural-Design_ADEX-Dallas-Texas.jpg; https://uploads-ssl.webflow.com/5eec789d24d891b6d1d15438/5f405ebef13dcf45098b2c3e_h02_RSM-Design_Markets_Cultural-Design_Buddy-Holly-Performing-Arts_Center-Guitar-Pick-Wall.jpg; https://uploads-ssl.webflow.com/5eec789d24d891b6d1d15438/5f405ebf147e1c25e7edf6df_h03_RSM-Design_Markets_Cultural-Design_Dallas-holocaust-museum_Exterior-wall-sign.jpg,<h2>Signage that respects the mission and value</h2><p>RSM Design understands the importance of complementing the architecture and artwork of galleries and cultural centers with museum signage, interpretive graphics, and simple <a href="https://rsmdesign.com/services/wayfinding-signage">wayfinding design</a>. This is done by balancing clarity and function with a refined sensitivity to detail and craft.</p><p>Well-designed <a href="https://rsmdesign.com/services/wayfinding-signage">wayfinding</a> systems add value to one’s experience within museum architecture, all combined with a sensitivity to design that does not distract from the overall viewing and interactive experience. Through a refined and empathetic approach to each project, RSM Design creates an integrated <a href="https://rsmdesign.com/services/branding-logo-design">brand identity</a> and signage system that articulates the vision of the museum design and its patrons.</p>,<p><a href="https://rsmdesign.com/services/branding-logo-design">Branding &amp; Logo Design</a></p><p><a href="https://rsmdesign.com/services/environmental-graphic-design">Environmental Graphic Design</a></p><p><a href="https://rsmdesign.com/services/wayfinding-signage">Wayfinding Signage</a></p><p><a href="https://rsmdesign.com/services/donor-recognition">Donor Recognition</a></p><p><a href="https://rsmdesign.com/services/placemaking">Placemaking</a></p><p><a href="https://rsmdesign.com/services/master-sign-programs">Master Signage Programs</a></p><p><a href="https://rsmdesign.com/services/public-art-murals">Public Art &amp; Murals</a></p>,harry-mark-faia; cody-clark,<p>‍<a href="/team/harry-mark-faia">Harry Mark, FAIA, Principal</a></p><p><a href="/team/cody-clark">Cody Clark, Principal</a></p>,,,false
Education Design,education-design,5eec96996f0e71158e57506b,5ef0fffb172cba75f392f0a5,Mon Jun 22 2020 19:01:15 GMT+0000 (Coordinated Universal Time),Fri Jul 01 2022 16:51:19 GMT+0000 (Coordinated Universal Time),Fri Jul 01 2022 17:07:06 GMT+0000 (Coordinated Universal Time),RSM Design has worked with institutions nationally on campus placemaking to enhance the educational and engaging experiences for students, faculty, and visitors. RSM Design’s experiences range from comprehensive campus wayfinding master plans to dormitory signage and student union buildings, all the,Education Design,Education,Education Projects,Education,21,https://uploads-ssl.webflow.com/5eec789d24d891b6d1d15438/5f3c151e0360ee8b983959d4_Education-Grid.jpg,Children's medical center signage and interior design details,https://uploads-ssl.webflow.com/5eec789d24d891b6d1d15438/5f3c0b804f664f9da17a91a0_h01-RSM-Design-Markets-Education-SDSU-Student-Union-Signage.jpg; https://uploads-ssl.webflow.com/5eec789d24d891b6d1d15438/5f3c0b8072ebf1a0973feb8c_h02-RSM-Design-Markets-Education-Childrens-School-Design.jpg; https://uploads-ssl.webflow.com/5eec789d24d891b6d1d15438/5f3c0b7ab81353524ee563f1_h03-RSM-Design-Markets-Education-University-of-the-Pacific-Signage-Program.jpg,<h2><strong>Identities and wayfinding for campuses and institutions</strong></h2><p>RSM Design has worked with institutions nationally on campus placemaking to enhance the educational and engaging experiences for students, faculty, and visitors. RSM Design’s experiences range from comprehensive campus <a href="https://rsmdesign.com/services/wayfinding-signage">wayfinding</a> master plans to dormitory signage and student union buildings, all the while developing <a href="https://rsmdesign.com/services/placemaking">placemaking</a> solutions that guide and inform the student community.</p><p>By fully understanding both the institution and the complexities of large scale campus design and the need for flexibility within any signage program, the team develops an integrated <a href="https://rsmdesign.com/services/branding-logo-design">brand identity</a>, utilizing signage and <a href="https://rsmdesign.com/services/wayfinding-signage">wayfinding</a> programs that enrich the quality and value of the campus experience.</p>,<p><a href="https://rsmdesign.com/services/branding-logo-design">Branding &amp; Logo Design</a></p><p><a href="https://rsmdesign.com/services/wayfinding-signage">Wayfinding Signage</a></p><p><a href="https://rsmdesign.com/services/placemaking">Placemaking</a></p><p><a href="https://rsmdesign.com/services/public-art-murals">Public Art &amp; Murals</a></p><p><a href="https://rsmdesign.com/services/donor-recognition">Donor Recognition</a></p><p><a href="https://rsmdesign.com/services/master-sign-programs">Master Plan Guidelines</a></p><p>Dormitory Signage</p><p>Recreation &amp; Student Union Center Signage</p><p>Stakeholder Engagement</p>,martin-e-schwartz; suzanne-redmond-schwartz; christy-montgomery,<p><a href="/team/martin-e-schwartz">Martin E Schwartz, Principal</a></p><p><a href="/team/suzanne-redmond-schwartz">Suzanne Redmond Schwartz, Principal</a></p><p><a href="/team/christy-montgomery">Christy Montgomery, Associate Principal</a></p>,,,false
Food & Beverage,food-beverage,5eec96996f0e71158e57506b,5ef0ffdd4c248a1d6b99cb43,Mon Jun 22 2020 19:00:45 GMT+0000 (Coordinated Universal Time),Wed Aug 03 2022 18:19:58 GMT+0000 (Coordinated Universal Time),Wed Aug 03 2022 18:21:16 GMT+0000 (Coordinated Universal Time),Environmental graphics have the power to transform the dining experience of foodhalls into an eclectic and enjoyable destination where friends and families come together to enjoy the entertaining aspects of eating out and discovering new and exciting culinary offerings. RSM Design has many years of ,Food & Beverage,Food Halls,Food Hall Projects,Food & Beverage,24,https://uploads-ssl.webflow.com/5eec789d24d891b6d1d15438/5f3c170125e4a93d41424e13_Food%26Beverage-Grid.jpg,The Hangar food hall in Long Beach with open tables and multiple tenants,https://uploads-ssl.webflow.com/5eec789d24d891b6d1d15438/5f60f27c7ae7d9b98d7fbac6_h01_RSM-Design_Pacific-City_Foodhall-Orange-County.jpg; https://uploads-ssl.webflow.com/5eec789d24d891b6d1d15438/5f60f27bcf75edb315d5a61b_h02_RSM-Design_UCI_University-dining-hall.jpg; https://uploads-ssl.webflow.com/5eec789d24d891b6d1d15438/5f60f27b0ab4ec056529d15b_h03_RSM-Design_The-Hangar_Outdoor-foodhall.jpg,<h2>Designing a branded experience</h2><p><a href="https://rsmdesign.com/services/environmental-graphic-design">Environmental graphics</a> have the power to transform the dining experience of foodhalls into an eclectic and enjoyable destination where friends and families come together to enjoy the entertaining aspects of eating out and discovering new and exciting culinary offerings. RSM Design has many years of experience creating eclectic signage and graphics programs for foodhalls, public markets, restaurants, and cafes, all the while taking cues from the community and the unique mix of participating tenants.</p><p>With experience in <a href="https://rsmdesign.com/services/branding-logo-design">brand identity</a>, tenant design, signage criteria, and specialty graphics, the RSM Design team understands how to balance individual tenant brand identities with the overall sense of place of the foodhall brand experience. The goal when creating foodhall signage and specialty graphics is to heighten the communal dining experience by creating diversely unique experiences as rich and varied as the culinary choices being offered.</p>,<p><a href="https://rsmdesign.com/services/branding-logo-design">Branding &amp; Logo Design</a></p><p>Branded Environments</p><p><a href="https://rsmdesign.com/services/wayfinding-signage">Wayfinding Signage</a></p><p><a href="https://rsmdesign.com/services/placemaking">Placemaking</a></p><p><a href="https://rsmdesign.com/services/public-art-murals">Public Art &amp;&nbsp;Murals</a></p><p><a href="https://rsmdesign.com/services/environmental-graphic-design">Environmental Graphic Design</a></p><p>Tenant Signage Criteria</p>,suzanne-redmond-schwartz; kyle-richter,<p><a href="/team/suzanne-redmond-schwartz">Suzanne Redmond Schwartz, Principal</a></p><p><a href="/team/kyle-richter">Kyle Richter, Principal</a></p>,,,false
Healthcare Signage Design,healthcare,5eec96996f0e71158e57506b,5ef10017edad97d37e6e771f,Mon Jun 22 2020 19:01:43 GMT+0000 (Coordinated Universal Time),Wed Jan 11 2023 02:36:47 GMT+0000 (Coordinated Universal Time),Wed Jan 11 2023 02:41:07 GMT+0000 (Coordinated Universal Time),RSM Design creates identities, wayfinding strategies and design programs that address the unique challenges and opportunities within the healthcare sector. Whether it be for a hospital campus, wellness center, or education campus, RSM Design begins with the goal in mind, developing a meticulous and ,Health & Wellness,Health & Wellness,Health & Wellness Projects,Health & Wellness,29,https://uploads-ssl.webflow.com/5eec789d24d891b6d1d15438/5f4989610de3f467035a05e5_g01_RSM-Design_Healthcare-University-of-Pacific.jpg,University of Pacific waiting room healthcare signage,https://uploads-ssl.webflow.com/5eec789d24d891b6d1d15438/5f591fb05966673af3bce2b0_s01_RSM-Design_Dugoni-School-of-Dentistry_Healthcare-Facility-Wayfinding.jpg; https://uploads-ssl.webflow.com/5eec789d24d891b6d1d15438/5f591fb0c03828fbc9393cb2_s02_RSM-Design_The-Star-Sports-Medicine-Facility_Exterior-Hospital-Architecture.jpg; https://uploads-ssl.webflow.com/5eec789d24d891b6d1d15438/5f5920560fb4e330e3b9085f_s03_RSM-Design_San-Francisco-Dental-Clinic_Interior-Healthcare.jpg; https://uploads-ssl.webflow.com/5eec789d24d891b6d1d15438/6335f9511093fb82619fb56a_RSM-Design_Healthcare-Donor-Signage.jpg,<h2 id="">Signage &amp; Wayfinding Design for Hospitals, Healthcare &amp; Wellness Centers</h2><p id="">All healthcare facilities require signage &amp; wayfinding to help patients feel secure in arrival, and exit without a hitch. Medical centers are typically intimidating to new visitors who have enough on their mind. Wayfinding for healthcare facilities direct traffic with clear messaging and a touch of delight which lightens the day for an anxious patient or visitor. </p><p id="">Exterior hospital signage includes entrance monument signs, <a href="https://rsmdesign.com/services/wayfinding-signage" id="">wayfinding</a> systems and interactive design programs that are legible, reassuring, and joyful. Interior healthcare wayfinding design seamlessly leads the visitor through the medical facility. Hospital wayfinding must define a system of hierarchy within messaging and even reassure the visitors they're still going the right direction. Healthcare facility signage can improve a patients experience while saving staff from becoming visitor guides.</p><p id="">Starting with meticulous research, we plan &amp; strategize for the needs of each Hospital, Medical Center, or Clinic. Through interviews &amp; workshops our team steps into the shoes of patients, family &amp; staff to design an experience fit for everyone. This planning leads to signage for hospitals that is both functional and innovative. Patients &amp; visitors feel a sense of comfort so their minds can stay at ease.</p><p id="">Read our Article on <a href="https://rsmdesign.com/news/transformative-healthcare-environments">Healthcare Signage Design</a></p>,<p><a href="https://rsmdesign.com/services/branding-logo-design">Branding &amp; Logo Design</a></p><p><a href="https://rsmdesign.com/services/wayfinding-signage">Wayfinding Signage</a></p><p><a href="https://rsmdesign.com/services/master-sign-programs">Master Sign Programs</a></p><p>Analysis and Strategy</p><p><a href="https://rsmdesign.com/services/digital-integration">Digital Integration</a></p><p><a href="https://rsmdesign.com/service/experiential-design">User Experience</a></p><p><a href="https://rsmdesign.com/services/placemaking">Placemaking</a></p><p><a href="https://rsmdesign.com/services/public-art-murals">Public Art &amp; Murals</a></p>,andrea-guzman; martin-e-schwartz,<p id=""><a href="/team/martin-e-schwartz">Martin E Schwartz, Principal</a></p>,healthcare-wayfinding-the-brand-promise; transformative-healthcare-environments; healing-places-from-within,,false
Hospitality Signage Design,hospitality-design,5eec96996f0e71158e57506b,5ef0ffd640b25d53153aaa9a,Mon Jun 22 2020 19:00:38 GMT+0000 (Coordinated Universal Time),Fri Jul 01 2022 16:59:06 GMT+0000 (Coordinated Universal Time),Fri Jul 01 2022 17:07:06 GMT+0000 (Coordinated Universal Time),Within the hospitality sector, environmental graphic design plays a vital role in connecting the guest to the sense of place through thoughtfully integrated and refined details. With special attention to colors, materials, and finishes, RSM Design’s hospitality design team ensures that the atmospher,Hospitality Design,Hospitality,Hospitality Projects,Hospitality,30,https://uploads-ssl.webflow.com/5eec789d24d891b6d1d15438/5f3c172bedb6e87b9f66cacc_Hospitality-Grid.jpg,Virgin Hotel monument signage at the entrance driveway to the hotel,https://uploads-ssl.webflow.com/5eec789d24d891b6d1d15438/5f7dfe856406f7f5f4df9415_h01_RSM-Design_Hospitality_Virgin-hotel-Dallas.jpg; https://uploads-ssl.webflow.com/5eec789d24d891b6d1d15438/5f7dfe88792f20f3bdee1192_h02_RSM-Design_Hospitality-St-Regis.jpg; https://uploads-ssl.webflow.com/5eec789d24d891b6d1d15438/5f7dfe8b7ab82e00bdd9a45b_h03_RSM-Design_Hospitality-Omni-hotel.jpg,<h2>Wayfinding &amp; Signage Design for Hospitality, Hotels &amp; Resorts</h2><p>Within the hospitality sector, <a href="https://rsmdesign.com/services/environmental-graphic-design">environmental graphic design</a> plays a vital role in connecting the guest to a sense of place through thoughtfully integrated and refined details. Architectural signage is used throughout hotels and resorts to provide guests with direction as well as a sense of place. With special attention to colors, materials, and finishes, RSM Design’s hospitality wayfinding signage design team ensures that the atmosphere of the hotel or resort leaves lasting memories. Our work leaves hospitality guests informed and intrigued while connecting to the brand voice &amp; vibe. </p><p>RSM Design contributes with hospitality <a href="https://rsmdesign.com/services/branding-logo-design">brand identity</a>, <a href="https://rsmdesign.com/services/wayfinding-signage">wayfinding programs</a>, identity signage, and in-room amenity details such as print collateral and guest products. Whether a coastal resort, a bustling urban hotel, or boutique motel designed to delight our studio’s understanding of the guest experience enables us to craft unique solutions that emerge as a memorable experience worth noting.</p>,<p><a href="https://rsmdesign.com/services/branding-logo-design">Branding &amp; Logo Design</a></p><p>Branded Environments</p><p><a href="https://rsmdesign.com/services/environmental-graphic-design">Environmental Graphic Design</a></p><p><a href="https://rsmdesign.com/services/wayfinding-signage">Wayfinding Signage</a></p><p><a href="https://rsmdesign.com/services/placemaking">Placemaking</a></p><p><a href="https://rsmdesign.com/services/public-art-murals">Public Art &amp;&nbsp;Murals</a></p>,harry-mark-faia; suzanne-redmond-schwartz; cody-clark,<p><a href="/team/harry-mark-faia">Harry Mark, FAIA, Principal</a></p><p><a href="/team/suzanne-redmond-schwartz">Suzanne Redmond Schwartz, Principal</a></p><p><a href="/team/cody-clark">Cody Clark, Principal</a></p>,,,false
International Design,international-design,5eec96996f0e71158e57506b,5f1a4170075bc71d9a4c8021,Fri Jul 24 2020 02:03:28 GMT+0000 (Coordinated Universal Time),Fri Jul 01 2022 16:35:26 GMT+0000 (Coordinated Universal Time),Fri Jul 01 2022 17:07:06 GMT+0000 (Coordinated Universal Time),The cultural contexts of international projects work at multiple levels. They can be influenced by the regional needs of the communities they serve, tapping into local influences and histories. They can also elevate a project to the international stage to bring tourism or recognition for the host co,International Design,International,International Projects,International,,https://uploads-ssl.webflow.com/5eec789d24d891b6d1d15438/5f3c1186f68ddb1ee8b919f1_International-Grid.jpg,Oxigeno Retail building facade signage in the background as motorcycle rides in front,https://uploads-ssl.webflow.com/5eec789d24d891b6d1d15438/5f40472ecd9e2b5898944820_h01_RSM-Design_Aerocity_City-Monument-Sign-Design.jpg; https://uploads-ssl.webflow.com/5eec789d24d891b6d1d15438/5f40472f243bb107fc3c42b1_h02_RSM-Design_Mall-of-Egypt_Directional-Sign-Interior-Mall-International.jpg; https://uploads-ssl.webflow.com/5eec789d24d891b6d1d15438/5f40472fcd9e2bf997944821_h03_RSM-Design_Forum-Cuernavaca_Exterior-Retail-Sign-Mall-Cuernavaca-Mexico.jpg,<h2>Design with regional sensitivity that understands historical and cultural contexts</h2><p>‍</p><p>The cultural contexts of international projects work at multiple levels. They can be influenced by the regional needs of the communities they serve, tapping into local influences and histories. They can also elevate a project to the international stage to bring tourism or recognition for the host country.</p><p>RSM Design has deep experience working with international clients in a variety of project types. Our reach spans Asia, Europe, the Middle East, and North, Central and South America in over 40 countries. Each project speaks to the local heritage by integrating <a href="https://rsmdesign.com/services/wayfinding-signage">wayfinding design</a> and <a href="https://rsmdesign.com/services/branding-logo-design">brand identity</a> into the overall spatial experience.</p>,<p><a href="https://rsmdesign.com/services/branding-logo-design">Branding and Logo Design</a></p><p><a href="https://rsmdesign.com/services/environmental-graphic-design">Environmental Graphic Design</a></p><p><a href="https://rsmdesign.com/services/master-sign-programs">Master Signage Programs</a></p><p><a href="https://rsmdesign.com/services/wayfinding-signage">Wayfinding Signage</a></p><p><a href="https://rsmdesign.com/services/placemaking">Placemaking</a></p><p><a href="https://rsmdesign.com/services/public-art-murals">Public Art and Murals</a></p><p><a href="https://rsmdesign.com/services/digital-integration">Digital Integration</a></p>,cody-clark; kyle-richter; harry-mark-faia,<p><a href="/team/cody-clark">Cody Clark, Principal</a></p><p><a href="/team/kyle-richter">Kyle Richter, Principal</a></p><p><a href="/team/harry-mark-faia">Harry Mark, FAIA, Principal</a></p>,,,true
Mixed-Use Design,mixed-use-design,5eec96996f0e71158e57506b,5eec99083ea2c052b6fe6989,Fri Jun 19 2020 10:52:56 GMT+0000 (Coordinated Universal Time),Fri Jul 01 2022 17:02:02 GMT+0000 (Coordinated Universal Time),Fri Jul 01 2022 17:07:06 GMT+0000 (Coordinated Universal Time),RSM Design takes an informed approach when working with mixed use projects to achieve a balance of commercial viability with the aesthetic and functional needs that drive the placemaking, signage and wayfinding design. The overall experience creates a unique sense of place that differentiates these ,Mixed-Use Design,Mixed-Use,Mixed-Use Projects,Mixed-Use,27,https://uploads-ssl.webflow.com/5eec789d24d891b6d1d15438/5f3c187068bd7031a5354939_MixedUse-Grid.jpg,Jack London Square restroom signage directional outdoors,https://uploads-ssl.webflow.com/5eec789d24d891b6d1d15438/5f40322b5b89a060b0c12f43_h01_RSM-Design_Markets_Mixed-Use-Design_Aerocity.jpg; https://uploads-ssl.webflow.com/5eec789d24d891b6d1d15438/5f40322bdb669caae89a6a08_h02_RSM-Design_Markets_Mixed-Use-Design_Frisco-Station.jpg; https://uploads-ssl.webflow.com/5eec789d24d891b6d1d15438/5f403265b1d1570c93e53ad8_h03_RSM-Design_Markets_Mixed-Use-Design_Town-Square-Dubai%20(1).jpg,<h2>Branded environments &amp; placemaking graphics that create memorable destinations</h2><p>Mixed-use projects provide a variety of residential and commercial opportunities within a shared building or district. To achieve a balance of commercial viability, aesthetic beauty and functional needs RSM Design starts with the end in mind. Mixed-use development requires thorough research &amp; collaboration between consultants and stakeholders. Mixed-use signage and <a href="https://rsmdesign.com/services/wayfinding-signage" target="_blank">wayfinding design</a> creates walkable communities for people to live, work and play. The overall experience creates a unique feeling and security that differentiates our projects from other mixed-use design.</p><p>Mixed use developments have a variety of uses and audiences so the primary goal of RSM Design is understanding the needs of the local community. Within a single building we help retail shops attract customers while maintaining an intimate home for residents in apartments above. Large scale mixed-use projects like 5th &amp; Broadway in Nashville become urban villages that require a clear master plan wayfinding systems along with unique moments of graphic placemaking signage or murals. <a href="https://rsmdesign.com/markets/retail-design" target="_blank">Retail</a>, <a href="https://rsmdesign.com/markets/workplace-design" target="_blank">office</a> and <a href="https://rsmdesign.com/markets/residential-community" target="_blank">residential</a> developments provide creative opportunities to elevate mixed-use environmental graphic design from a static <a href="https://rsmdesign.com/services/branding-logo-design" target="_blank">brand identity</a> to a community that thrives and takes the space as their own. </p>,<p><a href="https://rsmdesign.com/services/branding-logo-design">Branding &amp; Logo Design</a></p><p><a href="">Wayfinding Signage</a></p><p><a href="https://rsmdesign.com/services/environmental-graphic-design">Environmental Graphic Design</a></p><p><a href="https://rsmdesign.com/services/placemaking">Placemaking</a></p><p><a href="https://rsmdesign.com/services/master-sign-programs">Master Signage Programs</a></p>,harry-mark-faia; kyle-richter; cody-clark; christy-montgomery,<p><a href="/team/harry-mark-faia">Harry Mark FAIA, Principal</a></p><p><a href="/team/kyle-richter">Kyle Richter, Principal</a></p><p><a href="/team/cody-clark">Cody Clark, Principal</a></p><p><a href="https://rsmdesign.com/team/christy-montgomery">Christy Montgomery, Associate Principal</a></p>,,,false
Multifamily Design,multifamily-design,5eec96996f0e71158e57506b,5f1a411a1cc1d651765da9f8,Fri Jul 24 2020 02:02:02 GMT+0000 (Coordinated Universal Time),Fri Jul 01 2022 16:36:57 GMT+0000 (Coordinated Universal Time),Fri Jul 01 2022 17:07:06 GMT+0000 (Coordinated Universal Time),Whether it’s an urban mixed-use multifamily residential building with retail or a sprawling suburban master planned community, residential community signage design is all about creating a welcoming feeling of coming home. RSM Design works with multi-disciplinary teams to achieve comfort, quality, an,Multifamily Design,Multifamily,Multifamily Projects,Multifamily,,https://uploads-ssl.webflow.com/5eec789d24d891b6d1d15438/5f3c1292c97ace5524bbe75f_Multifamily-Grid.jpg,Multifamily Residential signage at the elevator with artistic lamp in the foreground,https://uploads-ssl.webflow.com/5eec789d24d891b6d1d15438/5f40597ff13dcf165d884c11_h01-RSM-Design-Markets-Multifamily-Pool-Sign-Design.jpg; https://uploads-ssl.webflow.com/5eec789d24d891b6d1d15438/5f3c17cd9fec3ac2e8c445ed_h02-RSM-Design-Markets-Multifamily-Identity-Signage.jpg; https://uploads-ssl.webflow.com/5eec789d24d891b6d1d15438/5f3c17cd95cfb285b469eb27_h03-RSM-Design-Markets-Multifamily-Facade-Signage-Design.jpg,<h2>Welcome home</h2><p>Whether it’s an urban <a href="https://rsmdesign.com/markets/mixed-use-design">mixed-use</a> <a href="https://rsmdesign.com/markets/multifamily-design">multifamily</a> <a href="https://rsmdesign.com/markets/residential-community">residential</a> building with <a href="https://rsmdesign.com/markets/retail-design">retail</a> or a sprawling suburban <a href="https://rsmdesign.com/services/master-sign-programs">master planned community</a>, <a href="https://rsmdesign.com/markets/residential-community">residential community signage</a> design is all about creating a welcoming feeling of coming home. RSM Design works with multi-disciplinary teams to achieve comfort, quality, and consistency throughout the community experience. <a href="https://rsmdesign.com/services/environmental-graphic-design">Environmental graphic design</a> and <a href="https://rsmdesign.com/services/wayfinding-signage">wayfinding</a> is just one tool of many for expressing the <a href="https://rsmdesign.com/services/branding-logo-design">brand identity</a> through an integrated sense of place.</p><p>From the user’s first impression of the site, <a href="https://rsmdesign.com/services/placemaking">placemaking</a> connects residents to their homes through thoughtful and high-quality details. Identity signage, <a href="https://rsmdesign.com/services/wayfinding-signage">wayfinding design</a>, and neighborhood monumentation all contribute to the atmosphere of the community and residential neighborhood.</p>,<p><a href="https://rsmdesign.com/services/branding-logo-design">Branding and Logo Design</a></p><p><a href="https://rsmdesign.com/services/environmental-graphic-design">Environmental Graphic Design</a></p><p><a href="https://rsmdesign.com/services/wayfinding-signage">Wayfinding Signage</a></p><p>Criteria and Guidelines Design</p><p><a href="https://rsmdesign.com/services/master-sign-programs">Master Signage Programs</a></p>,cody-clark; martin-e-schwartz; christy-montgomery,<p><a href="/team/cody-clark">Cody Clark, Principal</a></p><p><a href="/team/martin-e-schwartz">Martin E Schwartz, Principal</a></p><p><a href="/team/christy-montgomery">Christy Montgomery, Associate Principal</a></p>,,,false
Park Wayfinding & Signage,park-design,5eec96996f0e71158e57506b,5ef0ffe4b3505327d07f446c,Mon Jun 22 2020 19:00:52 GMT+0000 (Coordinated Universal Time),Fri Mar 10 2023 20:52:53 GMT+0000 (Coordinated Universal Time),Fri Mar 10 2023 20:53:00 GMT+0000 (Coordinated Universal Time),RSM Design works closely with cities, communities, and developers to connect people with outdoor spaces through the creative use of park signage. In these spaces, the most intriguing and dynamic design solutions reveal themselves with a thorough understanding of the local environment and surrounding,Park Design,Parks,Park Projects,Parks & Outdoors,23,https://uploads-ssl.webflow.com/5eec789d24d891b6d1d15438/5f3c16cf2f620b3f8abeb55b_Parks-Grid.jpg,Park walkways, benches, and bikes with greenhouse in the distance,https://uploads-ssl.webflow.com/5eec789d24d891b6d1d15438/5f60f33bb4994a9b64dfba91_h01_RSM-Design_Great-Park-Neighborhoods_Community-Park-Design.jpg; https://uploads-ssl.webflow.com/5eec789d24d891b6d1d15438/5f60f33bdeaf19e0f474dfef_h02_RSM-Design_Playa-Vista-Parks_Los-angeles-urban-park.jpg; https://uploads-ssl.webflow.com/5eec789d24d891b6d1d15438/5f60f33b1a70311319dc34a6_h03_RSM-Design_Boy-scouts_Park-sign.jpg,<h2>Wayfinding Signage Design &amp; Placemaking for parks &amp; outdoor spaces</h2><p>RSM Design works closely with cities, communities, and developers to connect people with outdoor spaces through creative park wayfinding signage. Working with architects, landscape architects and planners we implement signage systems that guide visitors through parks and urban environments with ease and confidence. In these spaces, the most dynamic design solutions reveal themselves with a thorough understanding of the local environment and surrounding cultural context. </p><p>Designing signage for parks presents a unique set of opportunities. With the high volume of people and activities, it is important that the signage systems are legible and clear, while still feeling connected to the brand &amp; surrounding area. For visitors step by step guides to historic sites, photo opportunities, or planned events become a part of the wayfinding &amp; signage design. Local stories that add character and relevance are integrated to give the park soul and spark visitor intrigue. A curated and layered environmental graphic design approach to park design brings out a distinct sense of meaning and purpose, both to the park and the overall community.</p>,<p><a href="https://rsmdesign.com/services/branding-logo-design">Branding &amp; Logo Design</a></p><p><a href="https://rsmdesign.com/services/wayfinding-signage">Wayfinding Signage</a></p><p><a href="https://rsmdesign.com/services/environmental-graphic-design">Environmental Graphic Design</a></p><p><a href="https://rsmdesign.com/services/placemaking">Placemaking</a></p><p><a href="https://rsmdesign.com/services/master-sign-programs">Master Sign Programs</a></p><p><a href="https://rsmdesign.com/services/public-art-murals">Public Art &amp; Murals</a></p><p>Graphic Architecture</p>,suzanne-redmond-schwartz; kyle-richter; christy-montgomery,<p><a href="/team/suzanne-redmond-schwartz">Suzanne Redmond Schwartz, Principal</a></p><p><a href="/team/kyle-richter">Kyle Richter, Principal</a></p><p><a href="/team/christy-montgomery">Christy Montgomery, Associate Principal</a></p>,,cadence-park-irvine-ca; first-and-broadway-park; parasol-park-irvine-ca,false
Parking Garage Design,parking-garage-design,5eec96996f0e71158e57506b,5f1a4157e1390155c1563382,Fri Jul 24 2020 02:03:03 GMT+0000 (Coordinated Universal Time),Fri Jul 01 2022 16:34:42 GMT+0000 (Coordinated Universal Time),Fri Jul 01 2022 17:07:06 GMT+0000 (Coordinated Universal Time),RSM Design has 20+ years of experience designing wayfinding signage, graphic systems, and supergraphics in parking garages of all sizes. Interior and exterior parking garage wayfinding signage and identity.,Parking Garage Design,Parking Garages,Parking Garage Projects,Parking Garages,17,https://uploads-ssl.webflow.com/5eec789d24d891b6d1d15438/5f49851d486a6463c526ed50_g01_RSM-Design_Parking-Garages-Pacific-City.jpg,Pacific City in Huntington Beach parking garage wayfinding signage and specialty graphics.,https://uploads-ssl.webflow.com/5eec789d24d891b6d1d15438/6006cc7ba8fce26f7f70ce84_h04_RSM-Design_HHLA_Parking-Garage-Identity-Signage.jpg; https://uploads-ssl.webflow.com/5eec789d24d891b6d1d15438/6006ccd18089053bb6293e8b_h05_RSM-Design_The-Star-Dallas-Cowboys_Parking-Garage-Wayfinding-Signage-Design.jpg; https://uploads-ssl.webflow.com/5eec789d24d891b6d1d15438/60ca3ac01120cd88d9f6a1b5_Parking_RSM-Design.jpg,<h2>Wayfinding signage design &amp; specialty graphics for parking structures &amp;&nbsp;garages</h2><p>Parking garage design introduces the <a href="https://rsmdesign.com/services/branding-logo-design">branded environment</a>, leads visitors into the project and back out. In many cases it is the first and last experience a visitor has. Structured parking design includes<a href="https://rsmdesign.com/services/wayfinding-signage"> wayfinding signage</a> and <a href="https://rsmdesign.com/services/public-art-murals">specialty graphics</a> for vehicles and pedestrians. Through bold colors, branded patterning, and clear <a href="https://rsmdesign.com/services/wayfinding-signage">wayfinding signage</a> complex parking structures become easier to navigate while enhancing the atmosphere. RSM Design is experienced in creating a concise &amp; delightful arrival for guests that seamlessly flows into the project. </p>,<p><a href="https://rsmdesign.com/services/wayfinding-signage">Wayfinding Signage</a></p><p><a href="https://rsmdesign.com/services/environmental-graphic-design">Environmental Graphic Design</a></p><p><a href="https://rsmdesign.com/service/architectural-graphic-design">Architectural Graphics</a></p><p>Specialty Graphics</p><p><a href="https://rsmdesign.com/services/public-art-murals">Public Art &amp; Murals</a></p>,kyle-richter; jeffrey-hertzler,<p><a href="/team/kyle-richter">Kyle Richter, Principal</a></p><p><a href="/team/jeffrey-hertzler">Jeffrey Hertzler, Associate Principal</a></p>,,,false
Residential Community Signage,residential-community,5eec96996f0e71158e57506b,5ef0fff2a549d12eb33ce884,Mon Jun 22 2020 19:01:06 GMT+0000 (Coordinated Universal Time),Fri Mar 10 2023 20:02:00 GMT+0000 (Coordinated Universal Time),Fri Mar 10 2023 20:13:57 GMT+0000 (Coordinated Universal Time),RSM Design works with multi-disciplinary teams to achieve comfort, quality, and consistency throughout the community experience. Environmental graphic design and wayfinding express the brand identity through an integrated sense of place.,Residential Community,Residential,Residential Projects,Residential,20,https://uploads-ssl.webflow.com/5eec789d24d891b6d1d15438/5f3c15e96487feac5ce5d820_Residential-Grid.jpg,Tustin Legacy monument signage illuminated at night with cars driving by in foreground,https://uploads-ssl.webflow.com/5eec789d24d891b6d1d15438/5f3c1617ed6dd7a68255618c_h01-RSM-Design-Markets-Residential-Community-Wayfinding-Signage-Design.jpg; https://uploads-ssl.webflow.com/5eec789d24d891b6d1d15438/5f3c16179fec3ad305c33e11_h02-RSM-Design-Markets-Residential-Community-Monument-Identity-Signage-Design.jpg; https://uploads-ssl.webflow.com/5eec789d24d891b6d1d15438/5f3c1617f68ddbf9b0b9b227_h03-RSM-Design-Markets-Residential-Community-Identity-Signage-Design.jpg,<h2>Wayfinding &amp; Signage Design for Residential &amp; Masterplan Communities</h2><p>Suburban master planned communities and <a href="https://rsmdesign.com/markets/residential-community">residential community signage design</a> is all about creating a welcome feeling of coming home. RSM Design works with multi-disciplinary teams to achieve comfort, quality, and consistency throughout the community experience. <a href="https://rsmdesign.com/services/environmental-graphic-design">Environmental graphic design</a> and <a href="https://rsmdesign.com/services/wayfinding-signage">wayfinding</a> express the <a href="https://rsmdesign.com/services/branding-logo-design">brand identity</a> through an integrated sense of place.<br>From the user’s first impression to the lasting memories that are built over time, <a href="https://rsmdesign.com/services/placemaking">placemaking</a> connects residents to their homes through thoughtful and high-quality details. Identity signage, <a href="https://rsmdesign.com/services/wayfinding-signage">wayfinding design</a>, and neighborhood monumentation all contribute to the atmosphere of the community and residential neighborhood.<br>RSM Design’s portfolio often includes an integrated approach to temporary and permanent signage. The initial phasing of residential projects include sales and welcome centers, builder signs for model homes and temporary wayfinding. Permanent elements include <a href="https://rsmdesign.com/services/branding-logo-design">logo and brand design</a>, community monumentation, street signs, <a href="https://rsmdesign.com/markets/park-design">park and trail signage</a>, and amenity buildings. Our approach fosters trust by prioritizing continuity and quality across all brand touch points to build long-term relationships with buyers.</p>,<p><a href="https://rsmdesign.com/services/branding-logo-design">Branding and Logo Design</a></p><p><a href="https://rsmdesign.com/services/environmental-graphic-design">Environmental Graphic Design</a></p><p><a href="https://rsmdesign.com/services/wayfinding-signage">Wayfinding Signage</a></p><p><a href="https://rsmdesign.com/services/master-sign-programs">Master Sign Programs</a></p><p><a href="https://rsmdesign.com/markets/park-design">Park Signs</a></p><p><a href="https://rsmdesign.com/markets/park-design">Trail Signs</a></p><p>Welcome Signs</p><p>‍</p>,martin-e-schwartz; christy-montgomery,<p><a href="/team/martin-e-schwartz">Martin E Schwartz, Principal</a></p><p><a href="/team/christy-montgomery">Christy Montgomery, Associate Principal</a></p>,,,false
Retail Environments & Graphic Design,retail-design,5eec96996f0e71158e57506b,5ef0ffcdcff5d229d1efb232,Mon Jun 22 2020 19:00:29 GMT+0000 (Coordinated Universal Time),Fri Jul 01 2022 17:01:27 GMT+0000 (Coordinated Universal Time),Fri Jul 01 2022 17:07:06 GMT+0000 (Coordinated Universal Time),RSM Design is highly experienced in the dynamic and evolving nature of the retail experience, developing brand identity, wayfinding programs, and specialty graphics for mixed-use environments, lifestyle centers, malls, and individual tenants. The architectural graphics and signage elevates the guest,Retail Design,Retail,Retail Projects,Retail,26,https://uploads-ssl.webflow.com/5eec789d24d891b6d1d15438/5f3c174fe478fcf50b6dc591_Retail-Grid.jpg,Lido Marina village at dusk with lights on and retail stores,https://uploads-ssl.webflow.com/5eec789d24d891b6d1d15438/5f402e7d3ecde739656e71a9_h01_RSM-Design_Markets_Retail-Design_Miami-Design-District.jpg; https://uploads-ssl.webflow.com/5eec789d24d891b6d1d15438/5f402e7d9a1eaf360e6758f4_h02_RSM-Design_Markets_Retail-Design_Oakbrook-Center_Exterior-Mall-Directional.jpg; https://uploads-ssl.webflow.com/5eec789d24d891b6d1d15438/5f402e7dfc941e7ef96eff92_h03_RSM-Design_Markets_Retail-Design_Pacific-City.jpg,<h2>Signage Wayfinding &amp; Placemaking for Shopping Malls &amp; Retail Repositioning</h2><p>RSM Design is highly experienced in the dynamic and evolving nature of the retail experience, developing <a href="https://rsmdesign.com/services/branding-logo-design">brand identity</a>, <a href="https://rsmdesign.com/services/wayfinding-signage">wayfinding programs</a>, and specialty graphics for <a href="https://rsmdesign.com/markets/mixed-use-design">mixed-use</a> environments, lifestyle centers, malls, and individual tenants. The <a href="https://rsmdesign.com/service/architectural-graphic-design">architectural graphics</a> and signage elevates the guest experiences within these environments, resulting in immersive shopping and entertainment experiences.</p><p>In addition to an optimal and creative tenant mix, the thoughtful and innovative application of <a href="https://rsmdesign.com/services/environmental-graphic-design">environmental graphics</a> can successfully attract and retain shoppers. RSM Design’s goal when crafting signage and graphics is to translate a retail brand’s experience in delightful and surprising ways.</p>,<p><a href="">Branding &amp; Logo Design</a></p><p><a href="https://rsmdesign.com/services/digital-integration">Digital Integration</a></p><p><a href="https://rsmdesign.com/services/environmental-graphic-design">Environmental Graphic Design</a></p><p>Graphic Architecture</p><p><a href="https://rsmdesign.com/services/placemaking">Placemaking</a></p><p><a href="https://rsmdesign.com/services/public-art-murals">Public Art</a></p><p>Retail Tenant Signage Design</p><p><a href="https://rsmdesign.com/services/wayfinding-signage">Wayfinding Signage</a></p>,harry-mark-faia; kyle-richter,<p><a href="/team/harry-mark-faia">Harry Mark, FAIA, Principal</a></p><p><a href="/team/kyle-richter">Kyle Richter, Principal</a></p>,,,false
Sci-Tech & Life Science Design,sci-tech-life-science-design,5eec96996f0e71158e57506b,6165f5e3fd659518d06d6df5,Tue Oct 12 2021 20:53:55 GMT+0000 (Coordinated Universal Time),Wed Jan 11 2023 02:36:28 GMT+0000 (Coordinated Universal Time),Wed Jan 11 2023 02:41:07 GMT+0000 (Coordinated Universal Time),We seek to enhance the scientific workplace and spaces so scientific discovery can flourish. a unique perspective to the Life Science built environment with our extensive experience across market sectors and project types such as biotechnology, innovation districts, research & development.,Science + Technology,Life Science,Science + Technology Projects,Science & Technology,25,https://uploads-ssl.webflow.com/5eec789d24d891b6d1d15438/623b753e376c4bb560c9bd4a_SciTechGrid.jpg,Clean letters mounted to canopy with reflective face and large orange letter returns,https://uploads-ssl.webflow.com/5eec789d24d891b6d1d15438/61fc3ce91911cc48111758c2_Sci-Tech_Hero-University-of-Pacific.jpg; https://uploads-ssl.webflow.com/5eec789d24d891b6d1d15438/61fc3ce91911ccfc7b1758c3_Sci-Tech_Hero-BioVista-Logos.jpg; https://uploads-ssl.webflow.com/5eec789d24d891b6d1d15438/621532a656d5ff52632d0ed7_RSM-Design_San-Diego-Research-and-Development-District_RaDD.jpg,<h2>Environments that foster growth and community for biotech, life sciences and technology</h2><p>RSM Design brings a unique perspective to the Life Science built environment with our extensive experience across market sectors and project types such as biotechnology, innovation districts, research &amp; development, large scale mixed-use campuses, health &amp; wellness, workplace and retail. Our interdisciplinary and synergistic approach includes crafting and implementing the brand experience from identity development to wayfinding programs and placemaking design to create connection and collaboration between people. <br></p><p>We seek to enhance the scientific workplace and spaces so discovery can flourish. Our design process first seeks to <em>discover</em> the shared vision and purpose of each project. The strategy is <em>defined</em> and vision translated in varied and dynamic creative solutions that are then further <em>developed</em> through collaboration and synergy. Our process driven approach allows us to support the innovation of educators, health advocates, corporations and governments as they create scientific advancements to improve our lives. <br></p><p>Our experienced Life Science Practice team includes Kyle Richter, Christy Montgomery, and Andrea Guzman combining their expertise in brand development, large scale workplace and civic campus planning and healthcare. </p><p>‍</p>,<p><a href="https://rsmdesign.com/services/placemaking">Placemaking</a></p><p><a href="https://rsmdesign.com/services/branding-logo-design">Branding &amp; Logo Design</a></p><p><a href="https://rsmdesign.com/services/wayfinding-signage">Wayfinding Signage</a></p><p><a href="https://rsmdesign.com/services/master-sign-programs">Master Sign Programs</a></p><p>Analysis and Strategy</p><p><a href="https://rsmdesign.com/services/digital-integration">Digital Integration</a></p><p><a href="https://rsmdesign.com/service/experiential-design">User Experience</a></p>,kyle-richter; christy-montgomery; andrea-guzman,<p id=""><a href="https://rsmdesign.com/team/kyle-richter" id="">Kyle Richter, Principal</a></p><p id=""><a href="https://rsmdesign.com/team/christy-montgomery">Christy Montgomery, Associate Principal</a></p>,,,true
Sports & Entertainment,sports-entertainment,5eec96996f0e71158e57506b,5ef1000342aafdb4fc36279d,Mon Jun 22 2020 19:01:23 GMT+0000 (Coordinated Universal Time),Wed Aug 03 2022 18:20:15 GMT+0000 (Coordinated Universal Time),Wed Aug 03 2022 18:21:16 GMT+0000 (Coordinated Universal Time),The dynamic and engaging nature of sports and entertainment design is accented by the need for strong and clear signage and wayfinding programs. Architectural graphics and signage design become part of a holistic entertainment experience that bonds fans and visitors to the teams and places they love,Sports & Entertainment,Sports & Entertainment,Sports & Entertainment Projects,Sports & Entertainment,27,https://uploads-ssl.webflow.com/5eec789d24d891b6d1d15438/5f3c14aa048a9d8459ee718b_Sports%26Entertainment-Grid.jpg,Dallas Cowboys headquarters wayfinding signage and directory map,https://uploads-ssl.webflow.com/5eec789d24d891b6d1d15438/5f4033168d4e67c1f1e39fec_h01_RSM-Design_Markets_Sports-and-Entertainment-Design_The-Star-Dallas-Cowboys.jpg; https://uploads-ssl.webflow.com/5eec789d24d891b6d1d15438/5f43e850c15b6b9d4ba20553_bsa%20copy.jpg; https://uploads-ssl.webflow.com/5eec789d24d891b6d1d15438/5f403315f2df1400e2c00909_h03_RSM-Design_Markets_Sports-and-Entertainment-Design_UC-Riverside-Campus-Recreation-Center.jpg,<h2>A holistic entertainment experience that bonds fans and visitors</h2><p>The dynamic and engaging nature of sports and entertainment design is accented by the need for strong and clear signage and <a href="https://rsmdesign.com/services/wayfinding-signage">wayfinding</a> programs. <a href="https://rsmdesign.com/service/architectural-graphic-design">Architectural graphics</a> and signage design become part of a holistic entertainment experience that bonds fans and visitors to the teams and places they love. Whether it’s a stadium design, casino signage, arena wayfinding, or outdoor sports complexes, our team captures the spirit of a place and engages the user in fun and surprising ways.</p><p>With careful attention to successfully carrying the <a href="https://rsmdesign.com/services/branding-logo-design">brand identity</a> throughout the signage design, <a href="https://rsmdesign.com/services/wayfinding-signage">wayfinding program</a>, and <a href="https://rsmdesign.com/services/environmental-graphic-design">environmental graphics</a>, RSM Design utilizes a user-centered approach when designing for sports and entertainment venues.</p>,<p><a href="https://rsmdesign.com/services/branding-logo-design">Branding and Logo Design</a></p><p><a href="">Environmental Graphic Design</a></p><p><a href="https://rsmdesign.com/services/wayfinding-signage">Wayfinding Signage</a></p><p><a href="https://rsmdesign.com/services/digital-integration">Digital Integration</a></p><p><a href="https://rsmdesign.com/services/wayfinding-signage">Wayfinding Masterplan</a></p><p><a href="https://rsmdesign.com/services/public-art-murals">Public Art Programs</a></p><p><a href="https://rsmdesign.com/services/placemaking">Placemaking</a></p>,harry-mark-faia; kyle-richter; cody-clark,<p><a href="/team/harry-mark-faia">Harry Mark, FAIA, Principal</a></p><p><a href="/team/kyle-richter">Kyle Richter, Principal</a></p>,,,false
Streetscape Design,streetscape-design,5eec96996f0e71158e57506b,5f1a415fc23ca366402452f6,Fri Jul 24 2020 02:03:11 GMT+0000 (Coordinated Universal Time),Fri Jul 01 2022 16:34:56 GMT+0000 (Coordinated Universal Time),Fri Jul 01 2022 17:07:06 GMT+0000 (Coordinated Universal Time),RSM Design enhances the master plan of a project to unify the landscape design and architecture through branded elements, placemaking, and fixturing to create an overall streetscape design that is in harmony with the vision of the project. We build complete palettes for the streetscape with the goal,Streetscape Design,Streetscape,Streetscape Projects,Streetscape,,https://uploads-ssl.webflow.com/5eec789d24d891b6d1d15438/5f3c11b92d6326ba61d8dad6_Streetscape-Grid.jpg,Outdoor market at Victoria Gardens with identity signage in background,https://uploads-ssl.webflow.com/5eec789d24d891b6d1d15438/5f4034c59fc8cf11bc34fcd8_h01_RSM-Design_Markets_Streetscape-Design_Victoria-Gardens-Monet-Avenue.jpg; https://uploads-ssl.webflow.com/5eec789d24d891b6d1d15438/5f4034c54c9c2823f3b6f311_h02_RSM-Design_Markets_Streetscape-Design_Aerocity.jpg; https://uploads-ssl.webflow.com/5eec789d24d891b6d1d15438/5f4034c418275dcd775ec3cb_h03_RSM-Design_Markets_Streetscape-Design_Jack-London-Square.jpg,<h2>Creating an active street<br></h2><p>RSM Design enhances the <a href="https://rsmdesign.com/services/master-sign-programs">master plan</a> of a project to unify the landscape design and architecture through <a href="https://rsmdesign.com/services/branding-logo-design">branded elements</a>, <a href="https://rsmdesign.com/services/placemaking">placemaking</a>, and fixturing to create an overall streetscape design that is in harmony with the vision of the project. We build complete palettes for the streetscape with the goal of being the connective link between all the different disciplines. </p><p>We create brand-defining elements for a city or project to help give the streetscape an enlivened character that has both consistency and variety. We work through the approach of a 10 by 10 philosophy where every 10 feet there are 10 things to activate your senses, such as a <a href="https://rsmdesign.com/markets/food-beverage">restaurant</a> or cafe, a piece of art, or decorative paving to help activate and bring delight to a streetscape.<br></p>,<p><a href="https://rsmdesign.com/services/public-art-murals">Public Art and Murals</a></p><p><a href="https://rsmdesign.com/services/placemaking">Placemaking</a></p><p><a href="https://rsmdesign.com/services/wayfinding-signage">Wayfinding Signage</a></p><p><a href="https://rsmdesign.com/services/master-sign-programs">Master Sign Programs</a></p><p><a href="https://rsmdesign.com/services/environmental-graphic-design">Environmental Graphic Design</a></p><p>Monumentation Signage</p><p>Streetscape Guidelines</p><p>Furniture and Fixturing</p>,harry-mark-faia; kyle-richter,<p>‍<a href="/team/harry-mark-faia">Harry Mark, FAIA, Principal</a></p><p><a href="/team/kyle-richter">Kyle Richter, Principal</a></p>,,,false
Transit Signage Design,transit-design,5eec96996f0e71158e57506b,5ef10022a72ee86735df658d,Mon Jun 22 2020 19:01:54 GMT+0000 (Coordinated Universal Time),Tue Dec 06 2022 18:41:07 GMT+0000 (Coordinated Universal Time),Tue Dec 06 2022 19:11:12 GMT+0000 (Coordinated Universal Time),Transportation wayfinding signage is a carefully planned navigation system that is easy for visitors to understand and follow. Transit wayfinding design uses clear communication to direct visitors through airports, train stations, subway systems, bus stations and trolleys.,Transit Design,Transit,Transit Projects,Transit,19,https://uploads-ssl.webflow.com/5eec789d24d891b6d1d15438/5f3c131ef162bd2eccfe9188_Transit-Grid.jpg,San Ysidro port of entry overhead view with cars lined up and sunset in the background,https://uploads-ssl.webflow.com/5eec789d24d891b6d1d15438/5f405a5880b30994c9475845_h01_RSM-Design_Markets-Transit_San-Ysdiro-Port-of-Entry-in-San-Diego.jpg; https://uploads-ssl.webflow.com/5eec789d24d891b6d1d15438/5f405a58f13dcf7e7988a7e4_h02_RSM-Design_Markets-Transit_Nort-County-Transportation-District-Wayfinding.jpg; https://uploads-ssl.webflow.com/5eec789d24d891b6d1d15438/5f405a583cc3ac5136f5d675_h03_RSM-Design_Markets-Transit_City-of-Dana-Point-Trolley.jpg,<h2>Transportation wayfinding systems designed to guide visitors confidently to their destination</h2><p>Transit wayfinding design includes airports, train stations, subway systems, border crossings, buses and trolleys. Transportation signage is a carefully planned wayfinding navigation system that is easy for visitors to understand and follow. Color and sign design consistency gives riders a sense of security and confidence they will be guided at all decision points. The final and most important part of effective transport wayfinding design is information clarity &amp; hierarchy. These are some of the elements working in unison to break down complex transportation projects into bite size bread crumbs for increased rider satisfaction. </p><p>Connecting multiple modes of transit makes it accessible to everyone. Train station wayfinding should feed into bus station signage, and back when travel is reversed. Wayfinding maps become a tool to display districts, routes, or travel connections. RSM Design works with cities, committees, and stakeholders to develop public transportation systems that reflect the surrounding community while addressing all traveler needs.</p>,<p>Analysis and Strategy</p><p><a href="https://rsmdesign.com/services/digital-integration">Digital Integration</a></p><p><a href="https://rsmdesign.com/services/branding-logo-design">Branding and Logo Design</a></p><p><a href="https://rsmdesign.com/services/environmental-graphic-design">Environmental Graphic Design</a></p><p><a href="https://rsmdesign.com/services/wayfinding-signage">Wayfinding Signage</a></p><p><a href="https://rsmdesign.com/services/master-sign-programs">Master Signage Programs</a></p>,cody-clark; kyle-richter,<p><a href="/team/cody-clark">Cody Clark, Principal</a></p><p><a href="/team/kyle-richter">Kyle Richter, Principal</a></p>,national-landing-wayfinding-strategies-analysis,,false
Waterfront Wayfinding Design,waterfront-design,5eec96996f0e71158e57506b,5f1a414ea835e312fa684da8,Fri Jul 24 2020 02:02:54 GMT+0000 (Coordinated Universal Time),Fri Jul 01 2022 16:34:31 GMT+0000 (Coordinated Universal Time),Fri Jul 01 2022 17:07:06 GMT+0000 (Coordinated Universal Time),RSM Design has collaborated on some of the most iconic waterfronts in the world. Our team has developed the brand, signage and placemaking elements that create layered, informational and playful experiences along the journey. ,Waterfront Design,Waterfront,Waterfront Projects,Waterfront,16,https://uploads-ssl.webflow.com/5eec789d24d891b6d1d15438/5f3c1269e1fe784e00e6f386_Waterfront-Grid.jpg,Waterfront wayfinding signage on the boardwalk with boats docked in the background,https://uploads-ssl.webflow.com/5eec789d24d891b6d1d15438/5f60f0830e045a30555f0452_h01_RSM-Design_Miami-Baywalk_Urban-Waterfront.jpg; https://uploads-ssl.webflow.com/5eec789d24d891b6d1d15438/5f60f0839c57c8ae8b7ebcd7_h02_RSM-Design_Port-of-san-diego_Waterfront-city.jpg; https://uploads-ssl.webflow.com/5eec789d24d891b6d1d15438/5f60f08317ac4e0726898053_h03_RSM-Design_Jack-London-Square.jpg,<h2>Wayfinding &amp; Signage Design for Boardwalks, Harbors &amp; Waterfronts<br></h2><p>RSM Design has collaborated on some of the most iconic waterfronts in the world. Our team has developed the <a href="https://rsmdesign.com/services/branding-logo-design">brand</a>, signage and <a href="https://rsmdesign.com/services/placemaking">placemaking</a> elements that create layered, informational and playful <a href="https://rsmdesign.com/service/experiential-design">experiences</a> along the journey.&nbsp;</p><p>We believe that public places that engage the water create deep connections and meaning for the communities they touch as well as all who visit. Our team has added to the revitalization, joy and soul of waterfronts from Morocco to Miami.<br></p>,<p><a href="https://rsmdesign.com/services/branding-logo-design">Branding and Logo Design</a></p><p>Analysis and Strategy</p><p><a href="https://rsmdesign.com/services/wayfinding-signage">Wayfinding Signage</a></p><p><a href="https://rsmdesign.com/services/placemaking">Placemaking</a></p><p>‍</p>,kyle-richter; suzanne-redmond-schwartz,<p><a href="/team/kyle-richter">Kyle Richter, Principal</a></p><p><a href="/team/suzanne-redmond-schwartz">Suzanne Redmond Schwartz, Principal</a></p><p>‍</p>,,,false
Workplace Design,workplace-design,5eec96996f0e71158e57506b,5eec97b4662a342f59418f55,Fri Jun 19 2020 10:47:16 GMT+0000 (Coordinated Universal Time),Fri Jul 01 2022 17:03:00 GMT+0000 (Coordinated Universal Time),Fri Jul 01 2022 17:07:06 GMT+0000 (Coordinated Universal Time),Placeholder text placeholder textPlaceholder text placeholder textPlaceholder text placeholder textPlaceholder text placeholder textPlaceholder text placeholder text,Workplace Design,Workplace,Workplace Projects,Workplace,0,https://uploads-ssl.webflow.com/5eec789d24d891b6d1d15438/5f3c19209e7a8e390ac09063_Workplace-Grid.jpg,Pizza Hut corporate headquarters interior specialty graphics,https://uploads-ssl.webflow.com/5eec789d24d891b6d1d15438/5f60f3c3deaf194656753ceb_h01_RSM-Design_PacMutual_Interior-Office-Wayfinding%20(2).jpg; https://uploads-ssl.webflow.com/5eec789d24d891b6d1d15438/5f60f3c31ca9700641a3c320_h02_RSM-Design_Pizza-Hut-Headquarters_Interior-Workplace-Design.jpg; https://uploads-ssl.webflow.com/5eec789d24d891b6d1d15438/5f60f3c38bd48c749ff8ecb4_h03_RSM-Design_University-of-the-pacific_Office-Dining.jpg,<h2>Successful signage programs for corporate campuses</h2><p>RSM Design has worked closely with large corporations and development teams to create identity signage and <a href="https://rsmdesign.com/services/wayfinding-signage">wayfinding</a> programs for a number of office developments around the country. We craft office and corporate masterplan solutions by building on the legacy, heritage, and culture of the development and company, creating signage programs that are innovative, timeless, and authentic to the mission of the organization. The design team integrates <a href="https://rsmdesign.com/services/branding-logo-design">brand identity</a> and <a href="https://rsmdesign.com/services/wayfinding-signage">wayfinding signage</a> programs that serve to meet the needs of both visitors and everyday users.</p><p>Successful signage programs for office developments adds clarity to the guest experience by identifying amenities in a clear and logical manner. <a href="https://rsmdesign.com/services/wayfinding-signage">Wayfinding signage</a> and interactive map designs lead workers to cafes, public gathering spaces, parking, and other on-site amenities, thereby increasing the overall value of the campus. The integration of <a href="https://rsmdesign.com/services/environmental-graphic-design">environmental graphics</a> and <a href="https://rsmdesign.com/services/placemaking">placemaking</a> features create moments of delight in the everyday experiences by providing workers a strong and enjoyable connection to the work environment.</p>,<p><a href="https://rsmdesign.com/services/branding-logo-design">Branding &amp; Logo Design</a></p><p><a href="https://rsmdesign.com/services/wayfinding-signage">Wayfinding Signage</a></p><p><a href="https://rsmdesign.com/services/environmental-graphic-design">Environmental Graphic Design</a></p><p><a href="https://rsmdesign.com/services/master-sign-programs">Master Sign Programs</a></p>,kyle-richter; cody-clark,<p><a href="/team/kyle-richter">Kyle Richter, Principal</a></p><p><a href="/team/cody-clark">Cody Clark, Principal</a></p>,,,false
