name___service__page,slug,collection_id,item_id,date_created,date_updated,published__on,seo__page__description,medium__name___expertise__page,short__name___home__page,name___view__more__button,name___filter__button,sort__priority,grid__image,grid__image__description,hero__images,overview,sub__services,sub__services__truncated,team__leaders,related__articles,featured__projects,default__sort
Architectural Graphic Design,architectural-graphic-design,5eec956a37ac276bbbf37246,63f93945423e3e1e6b932c96,Fri Feb 24 2023 22:25:09 GMT+0000 (Coordinated Universal Time),Fri Feb 24 2023 22:25:09 GMT+0000 (Coordinated Universal Time),Fri Feb 24 2023 22:25:20 GMT+0000 (Coordinated Universal Time),Architecture speaks of space, form, place, and function while integrated Architectural Graphic Design communicates a building’s function, purpose, message, and narrative. Effective and appropriate Architectural Graphic Design supports the statement made by a building and strengthens its presence.,Architectural Graphics,Architectural Graphics,Architectural Graphics,Architectural Graphics,0,https://uploads-ssl.webflow.com/5eec789d24d891b6d1d15438/5f7bca3c378db7424a19e98f_RSM-Design_Architectural-Design-Frisco-Station.jpg,Corten steel geometric pavillion structure with wood lining inside and corten logo on the outside,https://uploads-ssl.webflow.com/5eec789d24d891b6d1d15438/5f7bc8ca5bb9017bf642a510_RSM-Design_Architectural-Design_Hofgarten.jpg; https://uploads-ssl.webflow.com/5eec789d24d891b6d1d15438/5f7bc8ca2b4467016195162e_RSM-Design_Architectural-Design_Frisco-Station-The-Bend.jpg; https://uploads-ssl.webflow.com/5eec789d24d891b6d1d15438/5f7ce972f29fced691220ff4_RSM-Design_Architectural-Design_Moscow.jpg,<h2>Design as a Bridge</h2><p id="">Architecture speaks of space, form, place, and function while integrated Architectural Graphic Design communicates a building’s function, purpose, message, and narrative. Effective and appropriate Architectural Graphic Design supports the statement made by a building and strengthens its presence. The architectural graphics layered into the conversation derive from the built context, spatial context, cultural context, and historical context. They are not independent nor superficial. The Architectural Graphic Design layer has meaning, form, function, and purpose… similar to the architecture.</p><p id="">The inclusion of the Architectural Graphics creates a strong sense of place, fulfills human needs, helps users find their way, and communicates a building’s narrative, fostering a strong conversation between the person and place.&nbsp;&nbsp;&nbsp;&nbsp;</p><p id="">For more check out the related articles below</p><p>‍</p>,<p id="">Architectural Signage</p><p id=""><a href="https://rsmdesign.com/services/wayfinding-signage" id="">Wayfinding Design</a></p><p id="">Visual Identities</p><p id="">Branded Environments</p><p id="">Architectural Graphics</p><p id="">Existing Signage Program Analysis</p><p id="">Signage Budgeting + Analysis</p><p id=""><a href="https://rsmdesign.com/services/donor-recognition" id="">Donor Recognition Programs</a></p><p id="">ADA Compliance</p>,<p id="">Architectural Signage</p><p id="">Branded Environments</p><p id="">Visual Identities</p><p id="">Spatial Design</p><p id="">‍</p>,harry-mark-faia; kyle-richter; cody-clark,on-the-origins-of-architectural-graphics; current-trends-in-architectural-graphics; its-time-to-redefine-architectural-graphic-design,,false
Branding & Logo Design,branding-logo-design,5eec956a37ac276bbbf37246,5eec9774b228d2ea1714385e,Fri Jun 19 2020 10:46:12 GMT+0000 (Coordinated Universal Time),Sat Mar 11 2023 00:10:21 GMT+0000 (Coordinated Universal Time),Sat Mar 11 2023 00:10:31 GMT+0000 (Coordinated Universal Time),RSM Design communicates the authenticity of a project’s unique message in a way that adds meaning and brings value to the team’s purpose. RSM Design designs high quality and successful brands that instill trust and build brand loyalty.,Branding & Logo Design,Branding & Logo Design,Branding Projects,Branding & Logo Design,19,https://uploads-ssl.webflow.com/5eec789d24d891b6d1d15438/5f441518a3e43c31bef86481_g01-RSM-Design-Services-Branding-Logo-Design.jpg,Wolf logo mark mockup in gold foil on a black background,https://uploads-ssl.webflow.com/5eec789d24d891b6d1d15438/6155f870a1c4021686c7e5d5_New_Hero_RSM-Design_Branding-Design.jpg; https://uploads-ssl.webflow.com/5eec789d24d891b6d1d15438/6160b5fc9da9ef331dc648a5_RSM-Design_Branding-Logo-Design-Biovista.jpg; https://uploads-ssl.webflow.com/5eec789d24d891b6d1d15438/6019bedd60b28a21821b6df1_3.jpg,<h2>The visual essence of what a project represents</h2><p>RSM Design creates brands that reflects the spirit, authenticity, and culture of its place, and the people that make it whole. A logo is the visual symbol or typography that represents a place and logo marks are helpful in establishing connectivity between large <a href="https://rsmdesign.com/markets/mixed-use-design">mixed-use developments</a>. Branded experiences are thoughtful unique values that convey the character authentically through font, graphics &amp; color. We believe in beginning with the end in mind to craft a connection the target audience will feel. Visual identities breathe soul and personality to attract and reach their audiences in an effective and mutually beneficial way. </p><p>RSM Design specializes in the transition of logo development into a branded physical environment. We design beyond the two-dimensional realm and into a layered architectural experience that carries the brand vision. Our studio designs with a holistic lens to create living branded environments for the way people interact with the places we inhabit.</p>,<p id="">Vision &amp; Brand Strategy</p><p id="">Naming</p><p id="">Logo Development</p><p id="">Identity System</p><p id="">Leasing &amp; Printed Collateral</p><p id="">Brand Guidelines</p>,<p id="">Naming, Vision &amp; Strategy</p><p id="">Logo Development</p><p id="">Print &amp; Digital Collateral</p><p id="">Leasing Materials</p>,suzanne-redmond-schwartz; cody-clark; steve-luoma,5-key-strategies-for-building-a-brand; branding-wayfinding-and-creating-a-strong-community,biovista-san-diego; cucamonga-station-brand-logo-design; the-hart-district-brand-logo-design; seaport-village-branding-and-logo-design; petersburg-park; harbor-day-school-branding; oc-vibe; platform-one-at-uncommons; bearded-tang-brewery; hospitality-information; jack-london-square-branding-and-logo-design; miami-baywalk-branding-and-logo-design; liberty-station-branding-and-logo-design; obrien-architects; 2nd-pch-branding-and-logo-design; paragon-star-signage-design; cooper-molera-adobe-brand-and-logo-design; capo-brew,false
Digital Signage Integration,digital-integration,5eec956a37ac276bbbf37246,5ef1009c42aafd8cfb3627a0,Mon Jun 22 2020 19:03:56 GMT+0000 (Coordinated Universal Time),Fri Jul 01 2022 17:05:35 GMT+0000 (Coordinated Universal Time),Fri Jul 01 2022 17:07:06 GMT+0000 (Coordinated Universal Time),RSM Design connects emerging technologies to places through thoughtful wayfinding and placemaking strategies for interactive environments. We create transmedia storytelling solutions to touch people’s lives by creating meaningful, memorable and educational moments. Our design team helps clients to p,Digital Integration,Digital Integration,Digital Integration Projects,Digital Integration,13,https://uploads-ssl.webflow.com/5eec789d24d891b6d1d15438/5f44174c431f0e536f9ca172_Digital-Integration-Grid.jpg,Large digital pylon at The Star in Frisco, Texas. Home of the Dallas Cowboys,https://uploads-ssl.webflow.com/5eec789d24d891b6d1d15438/5f405c0bff6d5463c7b3f436_h01_RSM-Design_Services_Digital-Integration_The-Star-Dallas-Cowboys.jpg; https://uploads-ssl.webflow.com/5eec789d24d891b6d1d15438/5f405c0bed63cec406e05d97_h02_RSM-Design_Services_Digital-Integration_2ND%26PCH_Digital-Mall-Directory.jpg; https://uploads-ssl.webflow.com/5eec789d24d891b6d1d15438/5f405c0b9a1eaf227c788ff8_h03_RSM-Design_Services_Digital-Integration_Fifth-And-Broadway-Nashville-Entertainment.jpg,<h2>DIGITAL WAYFINDING STRATEGIES FOR CONNECTED PLACES</h2><p>RSM Design utilizes emerging technologies to transform ordinary signage into programmable <a href="https://rsmdesign.com/services/wayfinding-signage">wayfinding</a> and <a href="https://rsmdesign.com/services/placemaking">placemaking</a> elements. We create opportunities for interaction between visitors and their environment. An interactive kiosk can help in finding a store, or interactive screens give everyone the chance to play. Our design team helps clients to plan, design, source and implement technology-driven signage and spaces.</p><p>We understand the exciting opportunities that lie in the integration of digital media in the built environment. When appropriately used, digital integration enhances visitor experience and transform physical spaces into multi-layered <a href="https://rsmdesign.com/services/branding-logo-design">branded experiences</a>.</p>,<p>Technology Vision</p><p>Technology and Digital Masterplan</p><p>Media Programming</p><p>Content Strategies</p><p>Innovation Partner Integration</p><p>Retail Digital Directory</p>,<p>Technology Vision</p><p>Technology and Digital Masterplan</p><p>Media Programming</p><p>Content Strategies</p>,kyle-richter; cody-clark,five-observation-from-the-2018-digital-signage-expo,,false
Donor Recognition Signage Design,donor-recognition,5eec956a37ac276bbbf37246,5ef100a4b3e0b70c2a25d804,Mon Jun 22 2020 19:04:04 GMT+0000 (Coordinated Universal Time),Sat Mar 11 2023 00:35:07 GMT+0000 (Coordinated Universal Time),Sat Mar 11 2023 00:35:14 GMT+0000 (Coordinated Universal Time),Donors provide important development of cultural projects through their involvement, direction and financial support. RSM Design understands the recognition of donors as a special opportunity to educate and inform the public in ways that integrate beautifully in the built environment. Whether this i,Donor Recognition,Donor Recognition,Donor Recognition Projects,Donor Recognition,14,https://uploads-ssl.webflow.com/5eec789d24d891b6d1d15438/5f403709fe6626e9435ec069_h01_RSM-Design_Services_Donor-Recognition_University-of-the-pacific-Dugoni-School-of-Dentistry.jpg,Donor recognition wall at the University of the Pacific in San Francisco,https://uploads-ssl.webflow.com/5eec789d24d891b6d1d15438/5f403709fe6626e9435ec069_h01_RSM-Design_Services_Donor-Recognition_University-of-the-pacific-Dugoni-School-of-Dentistry.jpg; https://uploads-ssl.webflow.com/5eec789d24d891b6d1d15438/5f40370a1136171d573ea9fd_h02_RSM-Design_Services_Donor-Recognition_Buddy-Holly-Performing-Arts-Center.jpg; https://uploads-ssl.webflow.com/5eec789d24d891b6d1d15438/5f4037091cf3d93448c0bbe4_h03_RSM-Design_Services_Donor-Recognition_The-Bar-Center-at-the-Beach.jpg,<h2>Recognizing donors through thoughtful storytelling experiences</h2><p>Donors provide many people the opportunity to experience <a href="https://rsmdesign.com/markets/cultural-design">cultural projects</a> through their involvement, direction and financial support. RSM Design understands recognizing donors is important for several reasons. It's a special opportunity to educate and impact in ways that dynamically integrate with the surroundings. <a href="https://rsmdesign.com/services/public-art-murals">Art installations</a> and <a href="https://rsmdesign.com/services/digital-integration">digital integration</a> are two <a href="https://rsmdesign.com/service/experiential-design">experiential</a> ways of embedding another layer of meaning into a donor recognition wall. </p><p>We create donor recognition installations and programs that are both sensitive to the context and impactful to the visitors. Donor signage should honor the past &amp; present while inspiring the future. The ultimate goal is to enhance the visitor's experience while paying homage to those who donated.</p>,<p>Donor Recognition Signage</p><p>Donor Installations</p><p><a href="/services/public-art-murals">Public Art and Murals</a></p><p>Specialty Graphic Design</p>,<p>Donor Recognition Signage</p><p>Donor Installations</p><p>Public Art and Murals</p><p>Specialty Graphic Design</p>,harry-mark-faia; cody-clark; christy-montgomery,,,false
Environmental Graphic Design,environmental-graphic-design,5eec956a37ac276bbbf37246,5eec9756e05e2d2946d0d8d1,Fri Jun 19 2020 10:45:42 GMT+0000 (Coordinated Universal Time),Sat Mar 11 2023 00:27:50 GMT+0000 (Coordinated Universal Time),Sat Mar 11 2023 00:29:09 GMT+0000 (Coordinated Universal Time),Environmental Graphic Design is a discipline that encompasses different elements of graphic design, architecture, interior design, landscape design, and industrial design. RSM Design uses a multidisciplinary approach to communicate branded stories and bring them to life in the built environment. We ,Environmental Graphic Design,Environmental Graphic Design,Environmental Graphics Projects,Environmental Graphics,20,https://uploads-ssl.webflow.com/5eec789d24d891b6d1d15438/5f4035dd9e051386c71b2112_h01_RSM-Design_Services_Environmental-Graphic-Design_Victoria-Gardens-Monet-Avenue.jpg,Artistic & colorful bike locks at mixed-use development Monet Avenue in Los Angeles,https://uploads-ssl.webflow.com/5eec789d24d891b6d1d15438/5f4035dd9e051386c71b2112_h01_RSM-Design_Services_Environmental-Graphic-Design_Victoria-Gardens-Monet-Avenue.jpg; https://uploads-ssl.webflow.com/5eec789d24d891b6d1d15438/5f4035dd7726dca5037455c0_h02_RSM-Design_Services_Environmental-Graphic-Design_Tustin-Legacy.jpg; https://uploads-ssl.webflow.com/5eec789d24d891b6d1d15438/5f4035dd3683f915c93610b6_h03_RSM-Design_Services_Environmental-Graphic-Design_Long-Beach-Exchange.jpg,<h2 id="">Connecting People to Place</h2><p id="">Environmental Graphic Design provides communication &amp; connection between people and the places they visit. These <a href="https://rsmdesign.com/news/branding-wayfinding-and-creating-a-strong-community" id="">branded environments</a> encompass elements of graphic design, architecture, interior design &amp; landscape design. Local history &amp; developing culture provides inspiration for <a href="https://rsmdesign.com/services/branding-logo-design" id="">branded stories</a> that bring physical spaces to life. Environmental graphics includes layered design elements that help with direction as much as they enhance brand experience. </p><p id="">Every project has its own character, some focus on function while others fashion. In <a href="https://rsmdesign.com/markets/workplace-design" id="">office buildings</a> or <a href="https://rsmdesign.com/markets/healthcare" id="">healthcare projects</a> environmental graphics play a supporting role with identification and direction. <a href="https://rsmdesign.com/services/wayfinding-signage" id="">Wayfinding signage</a> creates clarity &amp; certainty for the guests. On the other hand <a href="https://rsmdesign.com/markets/retail-design" id="">retail</a> &amp; <a href="https://rsmdesign.com/markets/sports-entertainment" id="">entertainment</a> projects are intently focused on the visitor's experience. <a href="https://rsmdesign.com/services/public-art-murals" id="">Public art, murals</a> and interactive placemaking is used to create "wow" moments that people don't easily forget. Environmental signage is most often static &amp; architectural, although a push to <a href="https://rsmdesign.com/services/digital-integration" id="">interactive digital experiences</a> is ongoing and ever-changing.</p>,<p>Environmental Signage</p><p><a href="https://rsmdesign.com/services/wayfinding-signage">Wayfinding Design</a></p><p>Visual Identities</p><p><a href="https://rsmdesign.com/services/placemaking">Branded Environments</a></p><p>Environmental Graphics</p><p>Existing Signage Program Analysis</p><p>Signage Budgeting + Analysis</p><p><a href="https://rsmdesign.com/services/donor-recognition">Donor Recognition Programs</a></p><p>ADA Compliant</p>,<p>Branded Environments</p><p>Experiential Graphics</p><p>Visual Identities</p><p>Architectural Graphics</p>,harry-mark-faia; kyle-richter; cody-clark; christy-montgomery,what-is-environmental-graphic-design-part-1-the-name-is-confusing; what-is-environmental-graphic-design-part-2-egd-is-about-emotional-connections; what-is-environmental-graphic-design-part-3-egd-can-be-expressed-in-many-ways,fifth-and-broadway; balboa-fun-zone; ovation-hollywood; liberty-station-san-diego-ca; kanawha-county-public-library; long-beach-exchange-long-beach-ca; hhla; 2nd-pch; the-star-home-of-the-dallas-cowboys; buddy-holly-hall-lubbock-texas; great-park-neighborhoods; monet-avenue-rancho-cucamonga-ca,false
Exhibit Wayfinding Design,exhibit-design,5eec956a37ac276bbbf37246,5f1a3f003f95c219bd877a8d,Fri Jul 24 2020 01:53:04 GMT+0000 (Coordinated Universal Time),Fri Jul 01 2022 17:04:43 GMT+0000 (Coordinated Universal Time),Fri Jul 01 2022 17:07:06 GMT+0000 (Coordinated Universal Time),RSM Design’s approach to exhibit design incorporates collaborative storytelling to co-create a content-rich environment that will inspire a deeper level of learning, understanding, and empathy of the subject matter. We curate an engaging user journey by weaving the guest experience with the narrativ,Exhibit Design,Exhibit Design,Exhibit Design,Exhibit Design,12,https://uploads-ssl.webflow.com/5eec789d24d891b6d1d15438/5f405ac244c9090897756a02_h02_RSM-Design_Services_Exhibit-Design_AD-EX.jpg,AD EX cultural building entrance signage and colorful window tints,https://uploads-ssl.webflow.com/5eec789d24d891b6d1d15438/5f405ac1771ed9f056ad010d_h01_RSM-Design_Services_Exhibit-Design_The-Bar-Center-at-the-beach-interior-wall.jpg; https://uploads-ssl.webflow.com/5eec789d24d891b6d1d15438/5f405ac244c9090897756a02_h02_RSM-Design_Services_Exhibit-Design_AD-EX.jpg; https://uploads-ssl.webflow.com/5eec789d24d891b6d1d15438/5f405ac25b231212e6ca26c9_h03_RSM-Design_Services_Exhibit-Design_Buddy-Holly-Hall-of-Performing-Arts-Donor-Wall.jpg,<h2>Engaging storytelling for museums &amp; exhibitions</h2><p>RSM Design’s approach to exhibit design incorporates collaborative <a href="https://rsmdesign.com/services/branding-logo-design">storytelling</a> for a <a href="https://rsmdesign.com/services/environmental-graphic-design">content-rich environment</a> that will inspire a deeper level of learning, understanding, and empathy. We craft <a href="https://rsmdesign.com/services/wayfinding-signage">wayfinding signage systems</a> that weave the guest experience into a narrative story to shape a memorable experience. <a href="https://rsmdesign.com/markets/cultural-design">Museum graphics &amp; interpretive signage</a> serve as opportunities to impact visitors. </p><p>The goal is to engage, educate, and inspire by creating moments for the guest to expand their previous thoughts and emotions. We shape that experience to incorporate media, light, sound, and graphics for a one-of-a-kind environment. Site-specific design that is authentic and thoughtful reinforces the power of storytelling and gives the context your visitors need. </p>,<p><a href="https://rsmdesign.com/services/public-art-murals">Public Art and Murals</a></p><p>Research and Development</p><p>User Journey</p><p>Spatial Planning</p><p>Content Design</p><p>Interactive Design</p>,<p>Public Art and Murals</p><p>Research and Development</p><p>User Journey</p><p>Spatial Planning</p>,harry-mark-faia; cody-clark,,,false
Experiential Graphic Design,experiential-graphic-design,5eec956a37ac276bbbf37246,63f9331fabaca6a78529921c,Fri Feb 24 2023 21:58:55 GMT+0000 (Coordinated Universal Time),Fri Feb 24 2023 21:58:55 GMT+0000 (Coordinated Universal Time),Fri Feb 24 2023 21:59:30 GMT+0000 (Coordinated Universal Time),We skillfully communicate the authenticity and uniqueness of the brand into experiential graphics that identifies the project’s character. The creative work of our studio is the transformative process that turns bricks, glass, steel, and concrete into a place people love.,Experiential Graphics,Experiential Graphics,Experiential Graphics,Experiential Graphics,0,https://uploads-ssl.webflow.com/5eec789d24d891b6d1d15438/5f7cabc0fcaef5d3bfcd935a_RSM-Design_Experiential-Design_Pacific-City.jpg,Exposed red and white industrial neon sign saying Pacific City on a green wall with patio above.,https://uploads-ssl.webflow.com/5eec789d24d891b6d1d15438/5f7cedbe894b8b2d6977d188_RSM-Design_Experiential-Design_Lido-Newport-Beach%20(1).jpg; https://uploads-ssl.webflow.com/5eec789d24d891b6d1d15438/5f7cede809beace7834f2f6f_RSM-Design_Experiential-Design_Virgin-Hotel-Dallas%20(1).jpg; https://uploads-ssl.webflow.com/5eec789d24d891b6d1d15438/5f7cedd100fac703cd390f63_RSM-Design_Experiential-Design_Great-Park_Neighborhoods%20(1).jpg,<h2>Engaging the Physical Space</h2><p id="">As experiential graphic designers, architects, and storytellers, RSM Design has made the core focus of our work to create graphic designs for the built environment, or Experiential Graphic Design. RSM Design works to skillfully communicate the authenticity and uniqueness of the brand into an experiential graphics and signage system that identifies a project’s character and reinforces its personality through the signage, <a href="https://rsmdesign.com/services/wayfinding-signage" id="">wayfinding</a>, and specialty graphics. The creative work of the studio is the transformative process of turning brick, glass, steel, and concrete into a place with soul and style. Experiential design transforms an environment by <a href="https://rsmdesign.com/services/placemaking" id="">creating places</a> for people to linger, guides them to new destinations, and facilitates shared experiences. With the <a href="https://rsmdesign.com/expertise" id="">expertise</a> of successful <a href="https://rsmdesign.com/services/branding-logo-design" id="">branding</a> and graphic design, we forge a subconscious connection by building <a href="https://rsmdesign.com/service/experiential-design" id="">immersive experiences</a> that resonate and connect people to the places they are visiting.</p>,<p id="">Experiential Graphics</p><p id="">Identity Monumentation</p><p id=""><a href="https://rsmdesign.com/services/wayfinding-signage" id="">Wayfinding Signage Programs</a></p><p id="">Specialty Graphic Installations</p><p id=""><a href="https://rsmdesign.com/services/public-art-murals" id="">Public Art &amp; Murals</a></p><p id=""><a href="https://rsmdesign.com/services/donor-recognition" id="">Donor Recognition</a></p><p id="">Existing Signage Program Analysis</p><p id="">Experiential Signage</p><p id="">Interior Design</p>,<p>Identity Monumentation</p><p>Specialty Graphic Installations</p><p>Interactive Experiences</p><p>Artificial Reality</p>,cody-clark; martin-e-schwartz,what-is-wayfinding-part-4-whats-next-in-wayfinding,,false
In Progress,in-progress,5eec956a37ac276bbbf37246,6047b9cfd0d702b3f00e099b,Tue Mar 09 2021 18:09:19 GMT+0000 (Coordinated Universal Time),Fri Jul 01 2022 17:04:15 GMT+0000 (Coordinated Universal Time),Fri Jul 01 2022 17:07:06 GMT+0000 (Coordinated Universal Time),RSM Design works on a wide range of projects and constantly pushed to expand our reach in the areas of Graphic Design and Architecture. We specialize in connecting people with places through Environmental Graphic Design and placemaking.,In Progress,In Progress,In Progress Projects,In Progress,0,https://uploads-ssl.webflow.com/5eec789d24d891b6d1d15438/5f454b45a6765ad4a2ff2f52_g01a_RSM-Design_Dallas-Holocaust-Museum_Entry-Signage.jpg,Dark grey stairways with wall mounted signage at the Dallas Holocaust Museum. ,https://uploads-ssl.webflow.com/5eec789d24d891b6d1d15438/6077a1c88f8ca39918dce5bb_h01_RSM-Design_Services_In-Progress_RaDD.jpg; https://uploads-ssl.webflow.com/5eec789d24d891b6d1d15438/60778474f760e52cacaef8fa_h02_RSM-Design_Services_In-Progress_Miami-Baywalk.jpg; https://uploads-ssl.webflow.com/5eec789d24d891b6d1d15438/6077b6394a170d586b9c857f_b01_RSM-Design_Dana-Point-Harbor.jpg; https://uploads-ssl.webflow.com/5eec789d24d891b6d1d15438/607873b04e3f3ea30119dc00_h01_RSM-Design_Hensley-Field_Historic-Sign.jpg,<h2>Selected projects currently in progress at RSM&nbsp;Design</h2><p>RSM Design is consistently creating <a href="https://rsmdesign.com/awards">award-winning</a> <a href="https://rsmdesign.com/book/graphic-connections-in-architecture">graphic connections with architecture</a>. Our studios work collaboratively with some of the world’s top architects, developers, and institutions to bring brands to life through <a href="https://rsmdesign.com/services/branding-logo-design">logo design</a>, <a href="https://rsmdesign.com/service/experiential-design">experiential graphics</a>, and <a href="https://rsmdesign.com/services/wayfinding-signage">wayfinding signage</a>. The designs span the spectrums of locations, scales, project types, and cultures to create unique experiences through the lens of <a href="https://rsmdesign.com/services/environmental-graphic-design">environmental graphic design</a>. We begin with a compelling vision, and by conducting thorough research we can develop a design system to grow with the project for a sustainable future. </p>,<p><a href="https://rsmdesign.com/services/environmental-graphic-design">Environmental Graphic Design</a></p><p><a href="https://rsmdesign.com/services/branding-logo-design">Branding &amp; Logo Design</a></p><p><a href="https://rsmdesign.com/services/wayfinding-signage">Wayfinding Signage</a></p><p><a href="https://rsmdesign.com/services/placemaking">Placemaking Design</a></p><p><a href="https://rsmdesign.com/services/public-art-murals">Public Art &amp; Murals</a></p><p><a href="https://rsmdesign.com/services/master-sign-programs">Master Sign Programs</a></p><p><a href="https://rsmdesign.com/services/donor-recognition">Donor Recognition</a></p><p><a href="https://rsmdesign.com/services/digital-integration">Digital Integration</a></p><p><a href="https://rsmdesign.com/services/exhibit-design">Exhibit Design</a></p>,<p>Environmental Graphic Design</p><p>Branding &amp; Logo Design</p><p>Wayfinding Signage</p><p>Placemaking Design</p>,,,,true
Master Sign Programs,master-sign-programs,5eec956a37ac276bbbf37246,5ef10094a72ee8ae8ddf658f,Mon Jun 22 2020 19:03:48 GMT+0000 (Coordinated Universal Time),Fri Jul 01 2022 17:05:54 GMT+0000 (Coordinated Universal Time),Fri Jul 01 2022 17:07:06 GMT+0000 (Coordinated Universal Time),A master sign plan is a dynamic long-term program that lays out the guidelines for the present and future implementation of signage within a city, campus, or mixed-use environment.,Master Sign Programs,Master Sign Programs,Master Sign Program Projects,Master Sign Programs,14,https://uploads-ssl.webflow.com/5eec789d24d891b6d1d15438/5f4416ad5efeb07606f8260d_g01-RSM-Design-Services-Master-Sign-Programs.jpg,The Star entry signage for the Dallas Cowboys headquarters in Frisco, TX,https://uploads-ssl.webflow.com/5eec789d24d891b6d1d15438/5f4415a55efeb0cf54f778b3_h01-RSM-Design-Services-Master-Sign-Programs-Liberty-Station-Gateway-Entry-Sign.jpg; https://uploads-ssl.webflow.com/5eec789d24d891b6d1d15438/5f4415a693344052613a593e_h02-RSM-Design-Services-Master-Sign-Programs-Cowboys-Monument-Sign.jpg; https://uploads-ssl.webflow.com/5eec789d24d891b6d1d15438/5f4415a6a6db50273e1e5d8e_h03-RSM-Design-Services-Master-Sign-Programs-UC-Riverside-Environmental-Graphics.jpg,<h2>Shaping the growth of a place</h2><p>A master sign plan is a dynamic long-term program that lays out the guidelines for the present and future implementation of signage within a <a href="https://rsmdesign.com/markets/civic-design">city</a>, <a href="https://rsmdesign.com/markets/education-design">campus</a>, or <a href="https://rsmdesign.com/markets/mixed-use-design">mixed-use</a> environment. Master signage programs play a vital role in determining the comfortable use of the urban environment and typically engage a multitude of uses, from <a href="https://rsmdesign.com/markets/retail-design">retail</a>, <a href="https://rsmdesign.com/markets/sports-entertainment">entertainment</a>, <a href="https://rsmdesign.com/markets/residential-community">residential</a>, and <a href="https://rsmdesign.com/markets/hospitality-design">hospitality</a>, to <a href="https://rsmdesign.com/markets/park-design">parks</a>, recreation, and <a href="https://rsmdesign.com/markets/education-design">education</a>. The team at RSM Design has created large-scaled sign programs for master plans, from <a href="https://rsmdesign.com/markets/education-design">educational</a> or <a href="https://rsmdesign.com/markets/workplace-design">corporate campuses</a> to entire <a href="https://rsmdesign.com/markets/civic-design">cities</a>, throughout the history of the studio.</p><p>Our studio’s process starts with a deep analysis of all of the uses within a space, followed by strategic implementation of <a href="https://rsmdesign.com/services/wayfinding-signage">wayfinding signage</a> at the vehicular and pedestrian level to help guide users into and through spaces safely and effectively. Through the use of <a href="https://rsmdesign.com/service/architectural-graphic-design">architectural graphic design</a> and creative <a href="https://rsmdesign.com/services/placemaking">placemaking</a>, we are able to create a strong sense of place as well as ensure that visitors confidently reach their destinations.</p>,<p>Master Plan Guidelines</p><p>Urban Planning Guidelines</p><p><a href="https://rsmdesign.com/markets/residential-community">Community Signage Programs</a></p><p>Master Signage Plans</p><p><a href="https://rsmdesign.com/services/wayfinding-signage">Wayfinding Signage Programs</a></p><p><a href="https://rsmdesign.com/markets/education-design">Higher Education Sign Plans</a></p><p><a href="https://rsmdesign.com/markets/park-design">Park Signage Guidelines</a></p>,<p>Master Plan Guidelines</p><p>Urban Planning Guidelines</p><p>Community Signage Programs</p><p>Master Signage Plans</p>,martin-e-schwartz; kyle-richter,,,false
Placemaking Design,placemaking,5eec956a37ac276bbbf37246,5eec9766b052b13c22886f02,Fri Jun 19 2020 10:45:58 GMT+0000 (Coordinated Universal Time),Sat Mar 11 2023 00:28:40 GMT+0000 (Coordinated Universal Time),Sat Mar 11 2023 00:29:09 GMT+0000 (Coordinated Universal Time),Placemaking and public art serve as powerful tools that welcome people to visit, engage, and enjoy a space in a unique way. Creative placemaking places an emphasis on design which cultivates the social experience in the built environment. Public art adds an element of whimsy and delight, which upon ,Placemaking,Placemaking,Placemaking Projects,Placemaking,17,https://uploads-ssl.webflow.com/5eec789d24d891b6d1d15438/5f40378efc941e66ed71108e_h01_RSM-Design_Services_Placemaking_Tustin-Legacy.jpg,Architectural gateway arch and oversized identity letters at Tustin Legacy in Orange County,https://uploads-ssl.webflow.com/5eec789d24d891b6d1d15438/5f40378efc941e66ed71108e_h01_RSM-Design_Services_Placemaking_Tustin-Legacy.jpg; https://uploads-ssl.webflow.com/5eec789d24d891b6d1d15438/5f40378e28575e6ec89aafc2_h02_RSM-Design_Services_Placemaking_Victoria-Gardens-Monet-Ave.jpg; https://uploads-ssl.webflow.com/5eec789d24d891b6d1d15438/5f40378de85d793ebb0fdf7a_h03_RSM-Design_Services_Placemaking_Lot-579-Pacific-City.jpg,<h2>Art Programs and Community Landmarks that Connect People to Place</h2><p>Placemaking design connects people to places through the use of synergistic design elements that suggest use and create collaboration between people. Graphics, patterning, typography, and color are used to lets visitors know they've arrived. <a href="https://rsmdesign.com/services/public-art-murals">Public art</a> serves as a powerful tool to welcome visitation, engagement, and joy from a fresh perspective. Creative placemaking signage puts an emphasis on design beyond direct needs which cultivates social experiences that are remembered. RSM Design places notes of whimsy and delight in all our projects, which upon discovery provides joy and a smile.</p><p>RSM Design develops <a href="https://rsmdesign.com/services/environmental-graphic-design">graphic &amp; architectural elements</a> that add to place and tell a story. It’s important to pull from the local community in order to connect their values with the environmental graphics. We work with artists to curate memorable moments and photo op landmarks. Placemaking is the sophisticated pathway to the design and planning of public spaces.</p><p>Read more in our article: <a href="https://rsmdesign.com/news/the-placemaking-power-of-ten">The Placemaking Power of Ten</a></p>,<p><a href="https://rsmdesign.com/services/public-art-murals">Art Programs &amp; Public Art</a></p><p><a href="https://rsmdesign.com/services/public-art-murals">Mural Design</a></p><p>Design Narratives &amp; Storytelling</p><p>Specialty Graphic Design</p><p><a href="https://rsmdesign.com/markets/retail-design">Retail Placemaking</a></p><p>Branded Environments</p>,<p>Art Programs &amp; Public Art</p><p>Mural Design</p><p>Design Narratives &amp; Storytelling</p><p>Specialty Graphic Design</p>,harry-mark-faia; kyle-richter; cody-clark; jeffrey-hertzler,the-placemaking-power-of-ten; connecting-people-to-place-part-1-experiential-design-at-the-long-beach-exchange; cultural-districts,tustin-legacy-tustin-ca; university-of-california-riverside; the-summit-bechtel-reserve; lido-marina-village-newport-ca; jack-london-square; the-pools-irvine-ca; pacific-city-huntington-beach-ca; miami-baywalk; the-skydeck; liberty-station-san-diego-ca; great-park-neighborhoods; monet-avenue-rancho-cucamonga-ca,false
Public Art & Murals,public-art-murals,5eec956a37ac276bbbf37246,5f1a3ed3a835e3a569684da2,Fri Jul 24 2020 01:52:19 GMT+0000 (Coordinated Universal Time),Fri Jul 01 2022 17:04:57 GMT+0000 (Coordinated Universal Time),Fri Jul 01 2022 17:07:06 GMT+0000 (Coordinated Universal Time),RSM Design creates compelling design vision and narratives through inspirational art, murals, and interactive designs with art programming and guidelines that infuse character to the built environment. We work with the team including the developer, architect, landscape designer, and art consultant t,Public Art & Murals,Public Art & Murals,Public Art & Murals,Public Art & Murals,15,https://uploads-ssl.webflow.com/5eec789d24d891b6d1d15438/5f4035dd3683f915c93610b6_h03_RSM-Design_Services_Environmental-Graphic-Design_Long-Beach-Exchange.jpg,Blue public mural art at LBX in Long Beach, California,https://uploads-ssl.webflow.com/5eec789d24d891b6d1d15438/5f4035dd3683f915c93610b6_h03_RSM-Design_Services_Environmental-Graphic-Design_Long-Beach-Exchange.jpg; https://uploads-ssl.webflow.com/5eec789d24d891b6d1d15438/5f4034c59fc8cf11bc34fcd8_h01_RSM-Design_Markets_Streetscape-Design_Victoria-Gardens-Monet-Avenue.jpg; https://uploads-ssl.webflow.com/5eec789d24d891b6d1d15438/5f4038f09fc8cf029c35b634_h03_RSM-Design_Services_Public-Art-and-Murals_Pacific-City.jpg,<h2>Delightful art, murals &amp; sculpture makes places memorable</h2><p>RSM Design creates &amp; curates artful moments of delight through public art, murals, and interactive designs. We work with the consultant team to develop design programs that compliment the art elements for an engaging environment.</p><p>We are tasked with creating graphic murals as well as establishing guidelines for curated commissioned art from local artists or international professionals. These guidelines establish the look &amp; feel of potential mural art or public sculpture. Many of our projects feature delightful and surprisingly fun interactive art that adds action to an otherwise static element. A brightly colored wall or community created mural can have a large impact with low cost. These public artworks often become Instagram opportunities which drive traffic to the project.</p><p>Read more in our article: <a href="https://rsmdesign.com/news/using-public-art-to-add-value-to-projects">Using Public Art to Add Value to Projects</a></p>,<p><a href="https://rsmdesign.com/services/placemaking">Placemaking</a></p><p>Art and Mural Design</p><p>Art Programming Guidelines</p><p>Fixturing</p><p>Interactive Elements</p>,<p>Placemaking</p><p>Art and Mural Design</p><p>Art Programming Guidelines</p><p>Fixturing</p>,harry-mark-faia; suzanne-redmond-schwartz; cody-clark,using-public-art-to-add-value-to-projects; murals-come-to-life-at-rodeo-39,,false
Wayfinding Signage Design,wayfinding-signage,5eec956a37ac276bbbf37246,5eec9744261cca5f59b205c1,Fri Jun 19 2020 10:45:24 GMT+0000 (Coordinated Universal Time),Sat Mar 11 2023 00:28:23 GMT+0000 (Coordinated Universal Time),Sat Mar 11 2023 00:29:09 GMT+0000 (Coordinated Universal Time),Wayfinding signage design combines signage and map design, symbols, color, and typography to effectively navigate people through a space. Especially important in built environments, wayfinding design provides the visual cues to help guide people to their destinations. ,Wayfinding Design,Wayfinding Design,Wayfinding Design Projects,Wayfinding,18,https://uploads-ssl.webflow.com/5eec789d24d891b6d1d15438/5f440f413e6d225deb8cd55a_g01-RSM-Design-Services-Wayfinding-Signage-Dallas-Cowboys.jpg,Wayfinding signage & directional map at the Dallas Cowboys new training facilities named The Star.,https://uploads-ssl.webflow.com/5eec789d24d891b6d1d15438/5f440f4a3726acf060932d10_h01-RSM-Design-Services-Wayfinding-Signage-Dallas-Cowboys.jpg; https://uploads-ssl.webflow.com/5eec789d24d891b6d1d15438/5f440f4aa19d2e1134574202_h02-RSM-Design-Services-Wayfinding-Signage-PacMutual-Building.jpg; https://uploads-ssl.webflow.com/5eec789d24d891b6d1d15438/5f440f4a2206758e211d3c5b_h03-RSM-Design-Services-Wayfinding-Signage-City-of-Dana-Point.jpg,<h2>Navigating People Through Place</h2><p>Wayfinding design combines signage and map design, symbols, color, and typography to effectively navigate people through a space. Especially important in built environments, wayfinding design provides the visual cues to help guide people to their destinations with ease. We work in close collaboration with the key stakeholders and other design consultants on each project. RSM Design is able to design visual wayfinding systems that carries a projects brand voice.</p><p>We identify wayfinding signage as vehicular or pedestrian and start with flow of traffic analysis to explore how people will move through cities and into places. After intensive research a rigorous design process is studied from varying perspectives to create a comprehensive wayfinding signage system that can serve the community and stand the test of time.</p><p>Read more in our article: <a href="https://rsmdesign.com/news/what-is-wayfinding-part-1-its-all-about-human-needs">What is Wayfinding?</a></p>,<p>Wayfinding Signage</p><p>Signage Systems</p><p>Signage Design</p><p>Wayfinding Programs</p><p>Wayfinding Experience Evaluation</p><p>Wayfinding Masterplans + Guidelines</p><p>Interactive Wayfinding Solutions</p>,<p>Architectural Integration</p><p>Experience Evaluation</p><p>Masterplans + Guidelines</p><p>Interactive Solutions</p>,kyle-richter; cody-clark; christy-montgomery,what-is-wayfinding-part-1-its-all-about-human-needs; what-is-wayfinding-part-2-the-city-as-a-model; what-is-wayfinding-part-3-wayfinding-is-more-than-just-signage; what-is-wayfinding-part-4-whats-next-in-wayfinding,,false
